in s,C1 in V,C2 in V
-1.2000E-05,1.373225E+00,-2.32623E-02
-1.1990E-05,1.366306E+00,-2.98236E-02
-1.1981E-05,1.343738E+00,-2.41779E-02
-1.1971E-05,1.340114E+00,-3.54694E-02
-1.1962E-05,1.332462E+00,-2.00580E-02
-1.1952E-05,1.307697E+00,-3.47064E-02
-1.1942E-05,1.301341E+00,-2.49408E-02
-1.1933E-05,1.280978E+00,-1.76166E-02
-1.1923E-05,1.282893E+00,-2.08209E-02
-1.1914E-05,1.268108E+00,-3.05865E-02
-1.1904E-05,1.250713E+00,-2.66193E-02
-1.1894E-05,1.245258E+00,-3.30280E-02
-1.1885E-05,1.243671E+00,-1.51752E-02
-1.1875E-05,1.235194E+00,-2.90607E-02
-1.1866E-05,1.232997E+00,-3.05865E-02
-1.1856E-05,1.235927E+00,-3.05865E-02
-1.1846E-05,1.232143E+00,-2.90607E-02
-1.1837E-05,1.241756E+00,-3.22650E-02
-1.1827E-05,1.235767E+00,-2.00580E-02
-1.1818E-05,1.242931E+00,-1.83795E-02
-1.1808E-05,1.249004E+00,-1.76166E-02
-1.1798E-05,1.242320E+00,-2.41779E-02
-1.1789E-05,1.251773E+00,-3.39435E-02
-1.1779E-05,1.252834E+00,-2.00580E-02
-1.1770E-05,1.263179E+00,-2.90607E-02
-1.1760E-05,1.281871E+00,-2.98236E-02
-1.1750E-05,1.274417E+00,-2.24994E-02
-1.1741E-05,1.289081E+00,-1.76166E-02
-1.1731E-05,1.305247E+00,-3.22650E-02
-1.1722E-05,1.301303E+00,-3.80634E-02
-1.1712E-05,1.310222E+00,-3.30280E-02
-1.1702E-05,1.322848E+00,-2.66193E-02
-1.1693E-05,1.323779E+00,-1.44122E-02
-1.1683E-05,1.356288E+00,-2.73822E-02
-1.1674E-05,1.339381E+00,-2.57037E-02
-1.1664E-05,1.357669E+00,-2.24994E-02
-1.1654E-05,1.370784E+00,-2.98236E-02
-1.1645E-05,1.366145E+00,-1.68536E-02
-1.1635E-05,1.379214E+00,-2.41779E-02
-1.1626E-05,1.391475E+00,-1.83795E-02
-1.1616E-05,1.379176E+00,-1.76166E-02
-1.1606E-05,1.396854E+00,-2.66193E-02
-1.1597E-05,1.401782E+00,-2.00580E-02
-1.1587E-05,1.401248E+00,-1.44122E-02
-1.1578E-05,1.397586E+00,-2.32623E-02
-1.1568E-05,1.402469E+00,-1.10553E-02
-1.1558E-05,1.401904E+00,-2.49408E-02
-1.1549E-05,1.388377E+00,-1.59381E-02
-1.1539E-05,1.391025E+00,-2.73822E-02
-1.1530E-05,1.377505E+00,-2.49408E-02
-1.1520E-05,1.373965E+00,-2.24994E-02
-1.1510E-05,1.353885E+00,-1.02924E-02
-1.1501E-05,1.348506E+00,-1.83795E-02
-1.1491E-05,1.335673E+00,-2.90607E-02
-1.1482E-05,1.311649E+00,-4.64661E-03
-1.1472E-05,1.316447E+00,-2.57037E-02
-1.1462E-05,1.306842E+00,-3.39435E-02
-1.1453E-05,1.277843E+00,-1.59381E-02
-1.1443E-05,1.287570E+00,-3.05865E-02
-1.1434E-05,1.273074E+00,-2.73822E-02
-1.1424E-05,1.257396E+00,-3.05865E-02
-1.1414E-05,1.254092E+00,-2.41779E-02
-1.1405E-05,1.254947E+00,-2.32623E-02
-1.1395E-05,1.238048E+00,-3.22650E-02
-1.1386E-05,1.239551E+00,-3.22650E-02
-1.1376E-05,1.238086E+00,-2.57037E-02
-1.1366E-05,1.225703E+00,-2.17365E-02
-1.1357E-05,1.237437E+00,-2.08209E-02
-1.1347E-05,1.232143E+00,-3.71478E-02
-1.1338E-05,1.234134E+00,-3.05865E-02
-1.1328E-05,1.238620E+00,-2.49408E-02
-1.1318E-05,1.246883E+00,-2.41779E-02
-1.1309E-05,1.242122E+00,-1.76166E-02
-1.1299E-05,1.243014E+00,-2.00580E-02
-1.1290E-05,1.258449E+00,-2.41779E-02
-1.1280E-05,1.254260E+00,-1.59381E-02
-1.1270E-05,1.262691E+00,-2.81451E-02
-1.1261E-05,1.276004E+00,-3.47064E-02
-1.1251E-05,1.266841E+00,-2.41779E-02
-1.1242E-05,1.278613E+00,-1.83795E-02
-1.1232E-05,1.289935E+00,-2.98236E-02
-1.1222E-05,1.275027E+00,-3.05865E-02
-1.1213E-05,1.285419E+00,-1.59381E-02
-1.1203E-05,1.302402E+00,-2.32623E-02
-1.1194E-05,1.292911E+00,-2.17365E-02
-1.1184E-05,1.303012E+00,-3.22650E-02
-1.1174E-05,1.308795E+00,-1.51752E-02
-1.1165E-05,1.308261E+00,-1.68536E-02
-1.1155E-05,1.303661E+00,-2.57037E-02
-1.1146E-05,1.309077E+00,-1.59381E-02
-1.1136E-05,1.324313E+00,-2.49408E-02
-1.1126E-05,1.310908E+00,-3.05865E-02
-1.1117E-05,1.345287E+00,-2.49408E-02
-1.1107E-05,1.338931E+00,-2.81451E-02
-1.1098E-05,1.332584E+00,-2.00580E-02
-1.1088E-05,1.360599E+00,-3.22650E-02
-1.1078E-05,1.351070E+00,-1.83795E-02
-1.1069E-05,1.361461E+00,-2.57037E-02
-1.1059E-05,1.364597E+00,-2.57037E-02
-1.1050E-05,1.366832E+00,-2.00580E-02
-1.1040E-05,1.372089E+00,-2.41779E-02
-1.1030E-05,1.369723E+00,-1.92950E-02
-1.1021E-05,1.368793E+00,-2.57037E-02
-1.1011E-05,1.383693E+00,-2.49408E-02
-1.1002E-05,1.374004E+00,-2.08209E-02
-1.0992E-05,1.380519E+00,-2.57037E-02
-1.0982E-05,1.380847E+00,-3.15021E-02
-1.0973E-05,1.383166E+00,-2.81451E-02
-1.0963E-05,1.393672E+00,-2.49408E-02
-1.0954E-05,1.386142E+00,-1.68536E-02
-1.0944E-05,1.388255E+00,-3.30280E-02
-1.0934E-05,1.382472E+00,-1.27338E-02
-1.0925E-05,1.395061E+00,-2.08209E-02
-1.0915E-05,1.381702E+00,-2.81451E-02
-1.0906E-05,1.378848E+00,-2.90607E-02
-1.0896E-05,1.380923E+00,-2.17365E-02
-1.0886E-05,1.384265E+00,-2.73822E-02
-1.0877E-05,1.367648E+00,-2.24994E-02
-1.0867E-05,1.378238E+00,-1.27338E-02
-1.0858E-05,1.371394E+00,-1.68536E-02
-1.0848E-05,1.362392E+00,-1.59381E-02
-1.0838E-05,1.367686E+00,-1.76166E-02
-1.0829E-05,1.347530E+00,-1.68536E-02
-1.0819E-05,1.348468E+00,-1.34967E-02
-1.0810E-05,1.355922E+00,-3.05865E-02
-1.0800E-05,1.339343E+00,-1.68536E-02
-1.0790E-05,1.338039E+00,-1.44122E-02
-1.0781E-05,1.330135E+00,-1.10553E-02
-1.0771E-05,1.321094E+00,-1.92950E-02
-1.0762E-05,1.314738E+00,-2.24994E-02
-1.0752E-05,1.307651E+00,-3.05865E-02
-1.0742E-05,1.299754E+00,-2.32623E-02
-1.0733E-05,1.283626E+00,-1.92950E-02
-1.0723E-05,1.305087E+00,-1.19708E-02
-1.0714E-05,1.291522E+00,-3.05865E-02
-1.0704E-05,1.271854E+00,-2.32623E-02
-1.0694E-05,1.279674E+00,-2.73822E-02
-1.0685E-05,1.269656E+00,-9.52942E-03
-1.0675E-05,1.264362E+00,-2.08209E-02
-1.0666E-05,1.255885E+00,-2.49408E-02
-1.0656E-05,1.257640E+00,-2.24994E-02
-1.0646E-05,1.246928E+00,-1.76166E-02
-1.0637E-05,1.250507E+00,-2.66193E-02
-1.0627E-05,1.247821E+00,-1.76166E-02
-1.0618E-05,1.230144E+00,-1.68536E-02
-1.0608E-05,1.248027E+00,-2.32623E-02
-1.0598E-05,1.237636E+00,-2.98236E-02
-1.0589E-05,1.242732E+00,-1.02924E-02
-1.0579E-05,1.244113E+00,-2.08209E-02
-1.0570E-05,1.246806E+00,-1.68536E-02
-1.0560E-05,1.247539E+00,-2.00580E-02
-1.0550E-05,1.247127E+00,-8.61389E-03
-1.0541E-05,1.250995E+00,-2.73822E-02
-1.0531E-05,1.258693E+00,-1.19708E-02
-1.0522E-05,1.254138E+00,-1.92950E-02
-1.0512E-05,1.251407E+00,-1.51752E-02
-1.0502E-05,1.256786E+00,-1.76166E-02
-1.0493E-05,1.254092E+00,-5.40955E-03
-1.0483E-05,1.254947E+00,-1.44122E-02
-1.0474E-05,1.276698E+00,-2.41779E-02
-1.0464E-05,1.269160E+00,-2.73822E-02
-1.0454E-05,1.262973E+00,-2.08209E-02
-1.0445E-05,1.279834E+00,-3.15021E-02
-1.0435E-05,1.291644E+00,-2.73822E-02
-1.0426E-05,1.259631E+00,-2.17365E-02
-1.0416E-05,1.298778E+00,-2.24994E-02
-1.0406E-05,1.300121E+00,-1.51752E-02
-1.0397E-05,1.288226E+00,-7.85095E-03
-1.0387E-05,1.313358E+00,-4.12677E-02
-1.0378E-05,1.295146E+00,-1.27338E-02
-1.0368E-05,1.299831E+00,-2.17365E-02
-1.0358E-05,1.324023E+00,-2.24994E-02
-1.0349E-05,1.308467E+00,-2.98236E-02
-1.0339E-05,1.320567E+00,-2.49408E-02
-1.0330E-05,1.333476E+00,-2.32623E-02
-1.0320E-05,1.337634E+00,-2.81451E-02
-1.0310E-05,1.336772E+00,-2.00580E-02
-1.0301E-05,1.347812E+00,-2.00580E-02
-1.0291E-05,1.352008E+00,-2.41779E-02
-1.0282E-05,1.359180E+00,-1.51752E-02
-1.0272E-05,1.359744E+00,-1.76166E-02
-1.0262E-05,1.364917E+00,-1.44122E-02
-1.0253E-05,1.367076E+00,-2.66193E-02
-1.0243E-05,1.368831E+00,-1.92950E-02
-1.0234E-05,1.385364E+00,-2.57037E-02
-1.0224E-05,1.361827E+00,-1.83795E-02
-1.0214E-05,1.374286E+00,-1.76166E-02
-1.0205E-05,1.382960E+00,-2.90607E-02
-1.0195E-05,1.367564E+00,-2.49408E-02
-1.0186E-05,1.382556E+00,-2.66193E-02
-1.0176E-05,1.376201E+00,-1.51752E-02
-1.0166E-05,1.382396E+00,-1.92950E-02
-1.0157E-05,1.385692E+00,-2.81451E-02
-1.0147E-05,1.382716E+00,-1.68536E-02
-1.0138E-05,1.385692E+00,-2.66193E-02
-1.0128E-05,1.391109E+00,-1.76166E-02
-1.0118E-05,1.374492E+00,-1.34967E-02
-1.0109E-05,1.394038E+00,-3.47064E-02
-1.0099E-05,1.375552E+00,-1.34967E-02
-1.0090E-05,1.385242E+00,-1.76166E-02
-1.0080E-05,1.379543E+00,-1.59381E-02
-1.0070E-05,1.372455E+00,-1.44122E-02
-1.0061E-05,1.377589E+00,-3.63849E-02
-1.0051E-05,1.360439E+00,-1.68536E-02
-1.0042E-05,1.368098E+00,-1.34967E-02
-1.0032E-05,1.352214E+00,-1.34967E-02
-1.0022E-05,1.349483E+00,-1.51752E-02
-1.0013E-05,1.344272E+00,-1.59381E-02
-1.0003E-05,1.339664E+00,-1.19708E-02
-9.9936E-06,1.334003E+00,-2.41779E-02
-9.9840E-06,1.326144E+00,-1.51752E-02
-9.9744E-06,1.319629E+00,-1.34967E-02
-9.9648E-06,1.321254E+00,-2.49408E-02
-9.9552E-06,1.311359E+00,-2.41779E-02
-9.9456E-06,1.300647E+00,-2.32623E-02
-9.9360E-06,1.306110E+00,-2.41779E-02
-9.9264E-06,1.279872E+00,-1.34967E-02
-9.9168E-06,1.295070E+00,-2.90607E-02
-9.9072E-06,1.287044E+00,-2.17365E-02
-9.8976E-06,1.271930E+00,-1.34967E-02
-9.8880E-06,1.283542E+00,-2.32623E-02
-9.8784E-06,1.262157E+00,-2.17365E-02
-9.8688E-06,1.253932E+00,-1.68536E-02
-9.8592E-06,1.266597E+00,-3.05865E-02
-9.8496E-06,1.252505E+00,-3.73108E-03
-9.8400E-06,1.259753E+00,-9.52942E-03
-9.8304E-06,1.254543E+00,-2.17365E-02
-9.8208E-06,1.248027E+00,-1.10553E-02
-9.8112E-06,1.259067E+00,-1.83795E-02
-9.8016E-06,1.250384E+00,-1.27338E-02
-9.7920E-06,1.249408E+00,-2.66193E-02
-9.7824E-06,1.255153E+00,-1.83795E-02
-9.7728E-06,1.238696E+00,-2.49408E-02
-9.7632E-06,1.246356E+00,-1.27338E-02
-9.7536E-06,1.254459E+00,-1.44122E-02
-9.7440E-06,1.240939E+00,-1.34967E-02
-9.7344E-06,1.247539E+00,-2.00580E-02
-9.7248E-06,1.258205E+00,-7.08801E-03
-9.7152E-06,1.250674E+00,-2.57037E-02
-9.7056E-06,1.247943E+00,-2.57037E-02
-9.6960E-06,1.254543E+00,-2.08209E-02
-9.6864E-06,1.268352E+00,-1.92950E-02
-9.6768E-06,1.254382E+00,-1.19708E-02
-9.6672E-06,1.284801E+00,-2.98236E-02
-9.6576E-06,1.273723E+00,-2.32623E-02
-9.6480E-06,1.273074E+00,-7.85095E-03
-9.6384E-06,1.292339E+00,-3.39435E-02
-9.6288E-06,1.278613E+00,-2.81451E-02
-9.6192E-06,1.280078E+00,-1.83795E-02
-9.6096E-06,1.307452E+00,-3.39435E-02
-9.6000E-06,1.294093E+00,-1.51752E-02
-9.5904E-06,1.304927E+00,-2.41779E-02
-9.5808E-06,1.311526E+00,-2.90607E-02
-9.5712E-06,1.316249E+00,-1.27338E-02
-9.5616E-06,1.323497E+00,-2.90607E-02
-9.5520E-06,1.319873E+00,-1.92950E-02
-9.5424E-06,1.325984E+00,-2.17365E-02
-9.5328E-06,1.337512E+00,-2.08209E-02
-9.5232E-06,1.330424E+00,-1.92950E-02
-9.5136E-06,1.341136E+00,-1.59381E-02
-9.5040E-06,1.341624E+00,-2.32623E-02
-9.4944E-06,1.340648E+00,-2.00580E-02
-9.4848E-06,1.353313E+00,-2.24994E-02
-9.4752E-06,1.350948E+00,-2.08209E-02
-9.4656E-06,1.354861E+00,-2.73822E-02
-9.4560E-06,1.357951E+00,-2.66193E-02
-9.4464E-06,1.362514E+00,-2.24994E-02
-9.4368E-06,1.378238E+00,-1.83795E-02
-9.4272E-06,1.364268E+00,-2.98236E-02
-9.4176E-06,1.383937E+00,-1.83795E-02
-9.4080E-06,1.383899E+00,-1.27338E-02
-9.3984E-06,1.378116E+00,-1.83795E-02
-9.3888E-06,1.389232E+00,-3.39435E-02
-9.3792E-06,1.380923E+00,-1.44122E-02
-9.3696E-06,1.384227E+00,-1.34967E-02
-9.3600E-06,1.399867E+00,-1.34967E-02
-9.3504E-06,1.385532E+00,-2.57037E-02
-9.3408E-06,1.386546E+00,-2.41779E-02
-9.3312E-06,1.392535E+00,-2.57037E-02
-9.3216E-06,1.382434E+00,-2.24994E-02
-9.3120E-06,1.375835E+00,-1.51752E-02
-9.3024E-06,1.380435E+00,-1.92950E-02
-9.2928E-06,1.373393E+00,-2.98236E-02
-9.2832E-06,1.365527E+00,-1.27338E-02
-9.2736E-06,1.385532E+00,-1.68536E-02
-9.2640E-06,1.367320E+00,-3.05865E-02
-9.2544E-06,1.355022E+00,-2.24994E-02
-9.2448E-06,1.365977E+00,-3.05865E-02
-9.2352E-06,1.352290E+00,-1.83795E-02
-9.2256E-06,1.333194E+00,2.20268E-01
-9.2160E-06,1.312625E+00,1.47546E+00
-9.2064E-06,1.289363E+00,2.45217E+00
-9.1968E-06,1.275233E+00,2.89788E+00
-9.1872E-06,1.314456E+00,3.13073E+00
-9.1776E-06,1.316165E+00,3.19924E+00
-9.1680E-06,1.322887E+00,3.27904E+00
-9.1584E-06,1.343784E+00,3.27737E+00
-9.1488E-06,1.336330E+00,3.30422E+00
-9.1392E-06,1.329768E+00,3.31658E+00
-9.1296E-06,1.323703E+00,3.29537E+00
-9.1200E-06,1.321826E+00,3.31078E+00
-9.1104E-06,1.302722E+00,3.31811E+00
-9.1008E-06,1.291034E+00,3.30682E+00
-9.0912E-06,1.288264E+00,3.31170E+00
-9.0816E-06,1.266841E+00,3.32055E+00
-9.0720E-06,1.276088E+00,3.30422E+00
-9.0624E-06,1.271442E+00,3.29293E+00
-9.0528E-06,1.254016E+00,3.30926E+00
-9.0432E-06,1.263423E+00,3.30926E+00
-9.0336E-06,1.251979E+00,3.32146E+00
-9.0240E-06,1.265414E+00,3.29613E+00
-9.0144E-06,1.254581E+00,3.29934E+00
-9.0048E-06,1.254420E+00,3.30758E+00
-8.9952E-06,1.251773E+00,3.30422E+00
-8.9856E-06,1.254382E+00,3.30102E+00
-8.9760E-06,1.240039E+00,3.29690E+00
-8.9664E-06,1.254825E+00,3.30926E+00
-8.9568E-06,1.250430E+00,3.30926E+00
-8.9472E-06,1.241222E+00,3.30926E+00
-8.9376E-06,1.253322E+00,3.29293E+00
-8.9280E-06,1.246967E+00,3.31002E+00
-8.9184E-06,1.255031E+00,3.29613E+00
-8.9088E-06,1.255679E+00,3.30102E+00
-8.8992E-06,1.250552E+00,3.30102E+00
-8.8896E-06,1.264682E+00,3.31170E+00
-8.8800E-06,1.269328E+00,3.30178E+00
-8.8704E-06,1.274135E+00,3.30422E+00
-8.8608E-06,1.281345E+00,3.30346E+00
-8.8512E-06,1.289119E+00,3.30590E+00
-8.8416E-06,1.295680E+00,3.29446E+00
-8.8320E-06,1.298938E+00,3.30590E+00
-8.8224E-06,1.310748E+00,3.29858E+00
-8.8128E-06,1.318202E+00,3.28957E+00
-8.8032E-06,1.315921E+00,3.30178E+00
-8.7936E-06,1.328670E+00,3.29690E+00
-8.7840E-06,1.340846E+00,3.29201E+00
-8.7744E-06,1.325290E+00,3.28881E+00
-8.7648E-06,1.346957E+00,3.30270E+00
-8.7552E-06,1.355060E+00,3.28072E+00
-8.7456E-06,1.342967E+00,3.29369E+00
-8.7360E-06,1.367610E+00,3.30270E+00
-8.7264E-06,1.354289E+00,3.30025E+00
-8.7168E-06,1.375674E+00,3.28561E+00
-8.7072E-06,1.372249E+00,3.28881E+00
-8.6976E-06,1.367732E+00,3.30514E+00
-8.6880E-06,1.382716E+00,3.29690E+00
-8.6784E-06,1.377177E+00,3.29537E+00
-8.6688E-06,1.377711E+00,3.29201E+00
-8.6592E-06,1.387279E+00,3.29369E+00
-8.6496E-06,1.387607E+00,3.29446E+00
-8.6400E-06,1.394160E+00,3.29781E+00
-8.6304E-06,1.388095E+00,3.29690E+00
-8.6208E-06,1.391025E+00,3.29781E+00
-8.6112E-06,1.410251E+00,3.29049E+00
-8.6016E-06,1.387813E+00,3.30270E+00
-8.5920E-06,1.395343E+00,3.29049E+00
-8.5824E-06,1.393878E+00,3.28805E+00
-8.5728E-06,1.379176E+00,3.30025E+00
-8.5632E-06,1.382556E+00,3.29781E+00
-8.5536E-06,1.383289E+00,3.29369E+00
-8.5440E-06,1.367488E+00,3.29049E+00
-8.5344E-06,1.369441E+00,3.28805E+00
-8.5248E-06,1.350749E+00,3.28637E+00
-8.5152E-06,1.348300E+00,3.30102E+00
-8.5056E-06,1.339503E+00,3.29446E+00
-8.4960E-06,1.323985E+00,3.30346E+00
-8.4864E-06,1.321094E+00,3.28881E+00
-8.4768E-06,1.318690E+00,3.30346E+00
-8.4672E-06,1.291156E+00,3.28881E+00
-8.4576E-06,1.300243E+00,3.28072E+00
-8.4480E-06,1.290019E+00,3.29049E+00
-8.4384E-06,1.288592E+00,3.31078E+00
-8.4288E-06,1.279185E+00,3.28225E+00
-8.4192E-06,1.273235E+00,3.28881E+00
-8.4096E-06,1.272708E+00,3.28805E+00
-8.4000E-06,1.263950E+00,3.29537E+00
-8.3904E-06,1.264156E+00,3.29369E+00
-8.3808E-06,1.247981E+00,3.29781E+00
-8.3712E-06,1.251933E+00,3.30514E+00
-8.3616E-06,1.256091E+00,3.29201E+00
-8.3520E-06,1.239757E+00,3.28469E+00
-8.3424E-06,1.244723E+00,3.29446E+00
-8.3328E-06,1.229495E+00,3.29125E+00
-8.3232E-06,1.250995E+00,3.30422E+00
-8.3136E-06,1.243381E+00,3.28225E+00
-8.3040E-06,1.230838E+00,3.29613E+00
-8.2944E-06,1.239917E+00,3.28469E+00
-8.2848E-06,1.253848E+00,3.29690E+00
-8.2752E-06,1.219592E+00,3.28881E+00
-8.2656E-06,1.242000E+00,3.28881E+00
-8.2560E-06,1.247699E+00,3.29369E+00
-8.2464E-06,1.233203E+00,3.29049E+00
-8.2368E-06,1.254138E+00,3.27828E+00
-8.2272E-06,1.242244E+00,3.30270E+00
-8.2176E-06,1.244601E+00,3.28149E+00
-8.2080E-06,1.256786E+00,3.30270E+00
-8.1984E-06,1.254176E+00,3.30025E+00
-8.1888E-06,1.256908E+00,3.28957E+00
-8.1792E-06,1.258495E+00,3.29690E+00
-8.1696E-06,1.271648E+00,3.30422E+00
-8.1600E-06,1.281787E+00,3.28637E+00
-8.1504E-06,1.279185E+00,3.30834E+00
-8.1408E-06,1.289607E+00,3.29049E+00
-8.1312E-06,1.295436E+00,3.30102E+00
-8.1216E-06,1.302684E+00,3.29537E+00
-8.1120E-06,1.307246E+00,3.29858E+00
-8.1024E-06,1.312175E+00,3.29613E+00
-8.0928E-06,1.312015E+00,3.30102E+00
-8.0832E-06,1.333804E+00,3.29446E+00
-8.0736E-06,1.326427E+00,3.30346E+00
-8.0640E-06,1.344348E+00,3.28637E+00
-8.0544E-06,1.346385E+00,3.29201E+00
-8.0448E-06,1.353275E+00,3.30346E+00
-8.0352E-06,1.378154E+00,3.28957E+00
-8.0256E-06,1.354205E+00,3.28957E+00
-8.0160E-06,1.386462E+00,3.29613E+00
-8.0064E-06,1.395793E+00,3.29858E+00
-7.9968E-06,1.382434E+00,3.30682E+00
-7.9872E-06,1.402515E+00,3.29537E+00
-7.9776E-06,1.396564E+00,3.30514E+00
-7.9680E-06,1.386874E+00,3.30346E+00
-7.9584E-06,1.410701E+00,3.29049E+00
-7.9488E-06,1.396442E+00,3.29446E+00
-7.9392E-06,1.397670E+00,3.30590E+00
-7.9296E-06,1.398402E+00,3.29934E+00
-7.9200E-06,1.388057E+00,3.30758E+00
-7.9104E-06,1.395549E+00,3.29049E+00
-7.9008E-06,1.375713E+00,3.30025E+00
-7.8912E-06,1.377299E+00,3.29690E+00
-7.8816E-06,1.366267E+00,3.29690E+00
-7.8720E-06,1.347690E+00,3.29446E+00
-7.8624E-06,1.342311E+00,3.28881E+00
-7.8528E-06,1.336124E+00,3.29369E+00
-7.8432E-06,1.327327E+00,3.31322E+00
-7.8336E-06,1.311603E+00,3.29858E+00
-7.8240E-06,1.317958E+00,3.30590E+00
-7.8144E-06,1.291690E+00,3.29446E+00
-7.8048E-06,1.285907E+00,3.30590E+00
-7.7952E-06,1.282237E+00,3.28637E+00
-7.7856E-06,1.270343E+00,3.30758E+00
-7.7760E-06,1.257312E+00,3.29369E+00
-7.7664E-06,1.261630E+00,3.30514E+00
-7.7568E-06,1.254138E+00,3.29690E+00
-7.7472E-06,1.238414E+00,3.29537E+00
-7.7376E-06,1.244037E+00,3.28393E+00
-7.7280E-06,1.233363E+00,3.30422E+00
-7.7184E-06,1.232425E+00,3.29613E+00
-7.7088E-06,1.236949E+00,3.29049E+00
-7.6992E-06,1.232753E+00,3.29690E+00
-7.6896E-06,1.244685E+00,3.29201E+00
-7.6800E-06,1.251895E+00,3.29537E+00
-7.6704E-06,1.255679E+00,3.28805E+00
-7.6608E-06,1.262279E+00,3.29446E+00
-7.6512E-06,1.269283E+00,3.29537E+00
-7.6416E-06,1.280528E+00,3.29537E+00
-7.6320E-06,1.299098E+00,3.29049E+00
-7.6224E-06,1.295268E+00,3.28561E+00
-7.6128E-06,1.312823E+00,3.30178E+00
-7.6032E-06,1.336162E+00,3.29934E+00
-7.5936E-06,1.335597E+00,3.29934E+00
-7.5840E-06,1.363170E+00,3.28881E+00
-7.5744E-06,1.347118E+00,3.28637E+00
-7.5648E-06,1.368625E+00,3.29446E+00
-7.5552E-06,1.378398E+00,3.28393E+00
-7.5456E-06,1.371684E+00,3.29690E+00
-7.5360E-06,1.386508E+00,3.28637E+00
-7.5264E-06,1.395099E+00,3.29858E+00
-7.5168E-06,1.384593E+00,3.30270E+00
-7.5072E-06,1.389156E+00,3.29613E+00
-7.4976E-06,1.385204E+00,3.29201E+00
-7.4880E-06,1.389598E+00,3.29858E+00
-7.4784E-06,1.385936E+00,3.28637E+00
-7.4688E-06,1.379054E+00,3.29293E+00
-7.4592E-06,1.387523E+00,3.29446E+00
-7.4496E-06,1.377383E+00,3.30270E+00
-7.4400E-06,1.379947E+00,3.28713E+00
-7.4304E-06,1.361705E+00,3.29537E+00
-7.4208E-06,1.355388E+00,3.29781E+00
-7.4112E-06,1.356120E+00,3.29049E+00
-7.4016E-06,1.334819E+00,3.30270E+00
-7.3920E-06,1.329570E+00,3.28713E+00
-7.3824E-06,1.309528E+00,3.29537E+00
-7.3728E-06,1.309322E+00,3.29369E+00
-7.3632E-06,1.297916E+00,3.29293E+00
-7.3536E-06,1.282725E+00,3.28805E+00
-7.3440E-06,1.271732E+00,3.28713E+00
-7.3344E-06,1.251041E+00,3.30102E+00
-7.3248E-06,1.266147E+00,3.30178E+00
-7.3152E-06,1.239146E+00,3.29613E+00
-7.3056E-06,1.233646E+00,3.29369E+00
-7.2960E-06,1.233524E+00,3.28957E+00
-7.2864E-06,1.237353E+00,3.30590E+00
-7.2768E-06,1.225337E+00,3.28561E+00
-7.2672E-06,1.234378E+00,3.29049E+00
-7.2576E-06,1.229495E+00,3.29293E+00
-7.2480E-06,1.224643E+00,3.29613E+00
-7.2384E-06,1.238574E+00,3.27904E+00
-7.2288E-06,1.228641E+00,3.29369E+00
-7.2192E-06,1.234462E+00,3.28637E+00
-7.2096E-06,1.249698E+00,3.29934E+00
-7.2000E-06,1.247783E+00,3.28469E+00
-7.1904E-06,1.257838E+00,3.30270E+00
-7.1808E-06,1.258411E+00,3.29613E+00
-7.1712E-06,1.268428E+00,3.29537E+00
-7.1616E-06,1.282893E+00,3.29446E+00
-7.1520E-06,1.274905E+00,3.29781E+00
-7.1424E-06,1.290546E+00,3.29369E+00
-7.1328E-06,1.314861E+00,3.29369E+00
-7.1232E-06,1.293971E+00,3.29125E+00
-7.1136E-06,1.315639E+00,3.31078E+00
-7.1040E-06,1.333514E+00,3.28713E+00
-7.0944E-06,1.324680E+00,3.29613E+00
-7.0848E-06,1.362231E+00,3.28561E+00
-7.0752E-06,1.344432E+00,3.30682E+00
-7.0656E-06,1.366512E+00,3.29125E+00
-7.0560E-06,1.376979E+00,3.29369E+00
-7.0464E-06,1.380275E+00,3.29537E+00
-7.0368E-06,1.397098E+00,3.29537E+00
-7.0272E-06,1.391597E+00,3.29369E+00
-7.0176E-06,1.394244E+00,3.29125E+00
-7.0080E-06,1.406543E+00,3.28561E+00
-6.9984E-06,1.398402E+00,3.31078E+00
-6.9888E-06,1.397990E+00,3.29049E+00
-6.9792E-06,1.388179E+00,3.29201E+00
-6.9696E-06,1.383372E+00,3.29934E+00
-6.9600E-06,1.395305E+00,3.29125E+00
-6.9504E-06,1.372127E+00,3.29293E+00
-6.9408E-06,1.369479E+00,3.29446E+00
-6.9312E-06,1.364551E+00,3.28805E+00
-6.9216E-06,1.348056E+00,3.29781E+00
-6.9120E-06,1.342517E+00,3.30270E+00
-6.9024E-06,1.337390E+00,3.29369E+00
-6.8928E-06,1.329280E+00,3.29934E+00
-6.8832E-06,1.319995E+00,3.29934E+00
-6.8736E-06,1.327777E+00,3.29293E+00
-6.8640E-06,1.307895E+00,3.28225E+00
-6.8544E-06,1.295352E+00,3.29858E+00
-6.8448E-06,1.298488E+00,3.29858E+00
-6.8352E-06,1.277026E+00,3.29446E+00
-6.8256E-06,1.284801E+00,3.29049E+00
-6.8160E-06,1.259837E+00,3.29858E+00
-6.8064E-06,1.262447E+00,3.30422E+00
-6.7968E-06,1.250064E+00,3.29858E+00
-6.7872E-06,1.249736E+00,3.29446E+00
-6.7776E-06,1.228885E+00,3.27981E+00
-6.7680E-06,1.254016E+00,3.29125E+00
-6.7584E-06,1.231410E+00,3.30102E+00
-6.7488E-06,1.228313E+00,3.29781E+00
-6.7392E-06,1.241672E+00,3.28316E+00
-6.7296E-06,1.234340E+00,3.29781E+00
-6.7200E-06,1.249042E+00,3.28469E+00
-6.7104E-06,1.256786E+00,3.28637E+00
-6.7008E-06,1.249736E+00,3.28393E+00
-6.6912E-06,1.268512E+00,3.29293E+00
-6.6816E-06,1.284312E+00,3.29049E+00
-6.6720E-06,1.283298E+00,3.29125E+00
-6.6624E-06,1.302196E+00,3.29781E+00
-6.6528E-06,1.315349E+00,3.29049E+00
-6.6432E-06,1.321498E+00,3.29201E+00
-6.6336E-06,1.331355E+00,3.29537E+00
-6.6240E-06,1.346713E+00,3.28713E+00
-6.6144E-06,1.347812E+00,3.27904E+00
-6.6048E-06,1.348468E+00,3.29613E+00
-6.5952E-06,1.358195E+00,3.28149E+00
-6.5856E-06,1.369357E+00,3.27660E+00
-6.5760E-06,1.339503E+00,3.29293E+00
-6.5664E-06,1.382068E+00,3.28561E+00
-6.5568E-06,1.377467E+00,3.29446E+00
-6.5472E-06,1.359622E+00,3.29690E+00
-6.5376E-06,1.381946E+00,3.26760E+00
-6.5280E-06,1.374820E+00,3.29781E+00
-6.5184E-06,1.359790E+00,3.30270E+00
-6.5088E-06,1.393024E+00,3.27416E+00
-6.4992E-06,1.374454E+00,3.28805E+00
-6.4896E-06,1.386386E+00,3.29537E+00
-6.4800E-06,1.386386E+00,3.28393E+00
-6.4704E-06,1.376079E+00,3.29049E+00
-6.4608E-06,1.374774E+00,3.27904E+00
-6.4512E-06,1.368465E+00,3.29293E+00
-6.4416E-06,1.369807E+00,3.29781E+00
-6.4320E-06,1.354449E+00,3.29858E+00
-6.4224E-06,1.345737E+00,3.29293E+00
-6.4128E-06,1.341624E+00,3.29446E+00
-6.4032E-06,1.332133E+00,3.30025E+00
-6.3936E-06,1.319469E+00,3.29369E+00
-6.3840E-06,1.307407E+00,3.29049E+00
-6.3744E-06,1.289325E+00,3.29369E+00
-6.3648E-06,1.284312E+00,3.29446E+00
-6.3552E-06,1.275150E+00,3.27981E+00
-6.3456E-06,1.259799E+00,3.28561E+00
-6.3360E-06,1.248798E+00,3.28957E+00
-6.3264E-06,1.257594E+00,3.29293E+00
-6.3168E-06,1.230510E+00,3.29934E+00
-6.3072E-06,1.242809E+00,3.28149E+00
-6.2976E-06,1.228763E+00,3.28561E+00
-6.2880E-06,1.238254E+00,3.30422E+00
-6.2784E-06,1.233279E+00,3.28561E+00
-6.2688E-06,1.234096E+00,3.28149E+00
-6.2592E-06,1.228351E+00,3.28713E+00
-6.2496E-06,1.236011E+00,3.29781E+00
-6.2400E-06,1.246967E+00,3.28561E+00
-6.2304E-06,1.253764E+00,3.30346E+00
-6.2208E-06,1.256702E+00,3.28637E+00
-6.2112E-06,1.252261E+00,3.31490E+00
-6.2016E-06,1.268230E+00,3.29934E+00
-6.1920E-06,1.263911E+00,3.28881E+00
-6.1824E-06,1.281467E+00,3.27981E+00
-6.1728E-06,1.289607E+00,3.29537E+00
-6.1632E-06,1.296573E+00,3.29781E+00
-6.1536E-06,1.307613E+00,3.28561E+00
-6.1440E-06,1.310710E+00,3.29690E+00
-6.1344E-06,1.342395E+00,3.28881E+00
-6.1248E-06,1.323215E+00,3.28393E+00
-6.1152E-06,1.352168E+00,3.28881E+00
-6.1056E-06,1.360599E+00,3.29201E+00
-6.0960E-06,1.355144E+00,3.29446E+00
-6.0864E-06,1.383739E+00,3.27584E+00
-6.0768E-06,1.382960E+00,3.29858E+00
-6.0672E-06,1.377544E+00,3.28881E+00
-6.0576E-06,1.391437E+00,3.28316E+00
-6.0480E-06,1.395267E+00,3.29369E+00
-6.0384E-06,1.392535E+00,3.29537E+00
-6.0288E-06,1.388950E+00,3.27904E+00
-6.0192E-06,1.388988E+00,3.30422E+00
-6.0096E-06,1.393596E+00,3.28881E+00
-6.0000E-06,1.386913E+00,3.29125E+00
-5.9904E-06,1.389682E+00,3.29293E+00
-5.9808E-06,1.371722E+00,3.29690E+00
-5.9712E-06,1.373470E+00,3.30758E+00
-5.9616E-06,1.389354E+00,3.28469E+00
-5.9520E-06,1.356975E+00,3.29537E+00
-5.9424E-06,1.362842E+00,3.30926E+00
-5.9328E-06,1.349521E+00,3.29781E+00
-5.9232E-06,1.335796E+00,3.30758E+00
-5.9136E-06,1.324229E+00,3.29125E+00
-5.9040E-06,1.310382E+00,3.29293E+00
-5.8944E-06,1.290668E+00,3.28393E+00
-5.8848E-06,1.265254E+00,3.31078E+00
-5.8752E-06,1.280078E+00,3.29781E+00
-5.8656E-06,1.240329E+00,3.28469E+00
-5.8560E-06,1.235850E+00,3.27981E+00
-5.8464E-06,1.231654E+00,3.28225E+00
-5.8368E-06,1.233813E+00,3.28881E+00
-5.8272E-06,1.211772E+00,3.27584E+00
-5.8176E-06,1.238124E+00,3.29125E+00
-5.8080E-06,1.229251E+00,3.29293E+00
-5.7984E-06,1.222163E+00,3.30178E+00
-5.7888E-06,1.240977E+00,3.27828E+00
-5.7792E-06,1.233524E+00,3.29369E+00
-5.7696E-06,1.241023E+00,3.29613E+00
-5.7600E-06,1.263057E+00,3.28316E+00
-5.7504E-06,1.250064E+00,3.28881E+00
-5.7408E-06,1.261790E+00,3.28957E+00
-5.7312E-06,1.276782E+00,3.29293E+00
-5.7216E-06,1.286555E+00,3.29293E+00
-5.7120E-06,1.286227E+00,3.29293E+00
-5.7024E-06,1.298976E+00,3.29537E+00
-5.6928E-06,1.304881E+00,3.28225E+00
-5.6832E-06,1.320728E+00,3.28957E+00
-5.6736E-06,1.315677E+00,3.28149E+00
-5.6640E-06,1.328021E+00,3.28805E+00
-5.6544E-06,1.328670E+00,3.29446E+00
-5.6448E-06,1.334331E+00,3.29781E+00
-5.6352E-06,1.359500E+00,3.28072E+00
-5.6256E-06,1.325740E+00,3.29293E+00
-5.6160E-06,1.366756E+00,3.28713E+00
-5.6064E-06,1.375346E+00,3.28072E+00
-5.5968E-06,1.365527E+00,3.29293E+00
-5.5872E-06,1.388255E+00,3.27737E+00
-5.5776E-06,1.383205E+00,3.29446E+00
-5.5680E-06,1.368503E+00,3.29446E+00
-5.5584E-06,1.399135E+00,3.27340E+00
-5.5488E-06,1.384998E+00,3.27172E+00
-5.5392E-06,1.385898E+00,3.29613E+00
-5.5296E-06,1.388301E+00,3.26852E+00
-5.5200E-06,1.382922E+00,3.28316E+00
-5.5104E-06,1.383937E+00,3.28316E+00
-5.5008E-06,1.368014E+00,3.28637E+00
-5.4912E-06,1.369968E+00,3.28881E+00
-5.4816E-06,1.352534E+00,3.29446E+00
-5.4720E-06,1.344516E+00,3.28637E+00
-5.4624E-06,1.342555E+00,3.28561E+00
-5.4528E-06,1.325450E+00,3.29537E+00
-5.4432E-06,1.325496E+00,3.29934E+00
-5.4336E-06,1.317874E+00,3.27981E+00
-5.4240E-06,1.294536E+00,3.29446E+00
-5.4144E-06,1.288066E+00,3.29369E+00
-5.4048E-06,1.286189E+00,3.28469E+00
-5.3952E-06,1.264766E+00,3.28805E+00
-5.3856E-06,1.255801E+00,3.28805E+00
-5.3760E-06,1.266925E+00,3.30514E+00
-5.3664E-06,1.240939E+00,3.29293E+00
-5.3568E-06,1.252223E+00,3.29369E+00
-5.3472E-06,1.241588E+00,3.28393E+00
-5.3376E-06,1.240329E+00,3.29369E+00
-5.3280E-06,1.239352E+00,3.29049E+00
-5.3184E-06,1.249164E+00,3.28561E+00
-5.3088E-06,1.232547E+00,3.30514E+00
-5.2992E-06,1.236217E+00,3.30102E+00
-5.2896E-06,1.246844E+00,3.28561E+00
-5.2800E-06,1.242160E+00,3.29201E+00
-5.2704E-06,1.253360E+00,3.28713E+00
-5.2608E-06,1.264033E+00,3.28072E+00
-5.2512E-06,1.253894E+00,3.29446E+00
-5.2416E-06,1.273441E+00,3.29125E+00
-5.2320E-06,1.280284E+00,3.28881E+00
-5.2224E-06,1.285541E+00,3.29369E+00
-5.2128E-06,1.308307E+00,3.28805E+00
-5.2032E-06,1.314006E+00,3.30025E+00
-5.1936E-06,1.323459E+00,3.29690E+00
-5.1840E-06,1.367038E+00,3.28637E+00
-5.1744E-06,1.314906E+00,3.28393E+00
-5.1648E-06,1.358195E+00,3.30178E+00
-5.1552E-06,1.391109E+00,3.28316E+00
-5.1456E-06,1.361217E+00,3.30178E+00
-5.1360E-06,1.396320E+00,3.27737E+00
-5.1264E-06,1.399699E+00,3.30102E+00
-5.1168E-06,1.380115E+00,3.29613E+00
-5.1072E-06,1.394122E+00,3.28225E+00
-5.0976E-06,1.397670E+00,3.28805E+00
-5.0880E-06,1.392986E+00,3.29369E+00
-5.0784E-06,1.394572E+00,3.29781E+00
-5.0688E-06,1.386874E+00,3.27904E+00
-5.0592E-06,1.391879E+00,3.29446E+00
-5.0496E-06,1.386630E+00,3.29858E+00
-5.0400E-06,1.392451E+00,3.29934E+00
-5.0304E-06,1.374820E+00,3.28805E+00
-5.0208E-06,1.364963E+00,3.29537E+00
-5.0112E-06,1.375224E+00,3.28713E+00
-5.0016E-06,1.351192E+00,3.30102E+00
-4.9920E-06,1.348872E+00,3.30346E+00
-4.9824E-06,1.341991E+00,3.29369E+00
-4.9728E-06,1.321872E+00,3.29446E+00
-4.9632E-06,1.313846E+00,3.29537E+00
-4.9536E-06,1.307697E+00,3.29613E+00
-4.9440E-06,1.285579E+00,3.29781E+00
-4.9344E-06,1.260814E+00,3.28393E+00
-4.9248E-06,1.285739E+00,3.30270E+00
-4.9152E-06,1.248676E+00,3.29125E+00
-4.9056E-06,1.242931E+00,3.28393E+00
-4.8960E-06,1.241672E+00,3.28713E+00
-4.8864E-06,1.248027E+00,3.29781E+00
-4.8768E-06,1.220493E+00,3.28225E+00
-4.8672E-06,1.250308E+00,3.27904E+00
-4.8576E-06,1.232791E+00,3.29125E+00
-4.8480E-06,1.223468E+00,3.29690E+00
-4.8384E-06,1.246806E+00,3.27248E+00
-4.8288E-06,1.230632E+00,3.28637E+00
-4.8192E-06,1.233157E+00,3.30178E+00
-4.8096E-06,1.261874E+00,3.27584E+00
-4.8000E-06,1.246196E+00,3.28561E+00
-4.7904E-06,1.260570E+00,3.29781E+00
-4.7808E-06,1.277553E+00,3.27340E+00
-4.7712E-06,1.282848E+00,3.29934E+00
-4.7616E-06,1.282931E+00,3.29858E+00
-4.7520E-06,1.304233E+00,3.28637E+00
-4.7424E-06,1.302280E+00,3.28881E+00
-4.7328E-06,1.318484E+00,3.28805E+00
-4.7232E-06,1.332416E+00,3.29369E+00
-4.7136E-06,1.344394E+00,3.28957E+00
-4.7040E-06,1.340602E+00,3.28957E+00
-4.6944E-06,1.353473E+00,3.29201E+00
-4.6848E-06,1.359706E+00,3.28469E+00
-4.6752E-06,1.379626E+00,3.28713E+00
-4.6656E-06,1.371600E+00,3.29690E+00
-4.6560E-06,1.380397E+00,3.29049E+00
-4.6464E-06,1.389598E+00,3.28713E+00
-4.6368E-06,1.396526E+00,3.29781E+00
-4.6272E-06,1.389560E+00,3.28637E+00
-4.6176E-06,1.388827E+00,3.28637E+00
-4.6080E-06,1.392986E+00,3.29201E+00
-4.5984E-06,1.382678E+00,3.29293E+00
-4.5888E-06,1.380641E+00,3.27981E+00
-4.5792E-06,1.364757E+00,3.29201E+00
-4.5696E-06,1.361583E+00,3.29049E+00
-4.5600E-06,1.356242E+00,3.29125E+00
-4.5504E-06,1.339175E+00,3.28805E+00
-4.5408E-06,1.329570E+00,3.28805E+00
-4.5312E-06,1.313152E+00,3.29201E+00
-4.5216E-06,1.304927E+00,3.29446E+00
-4.5120E-06,1.293239E+00,3.28561E+00
-4.5024E-06,1.273685E+00,3.28881E+00
-4.4928E-06,1.271854E+00,3.28393E+00
-4.4832E-06,1.255481E+00,3.29369E+00
-4.4736E-06,1.261836E+00,3.29781E+00
-4.4640E-06,1.248149E+00,3.28881E+00
-4.4544E-06,1.237598E+00,3.29369E+00
-4.4448E-06,1.239597E+00,3.29934E+00
-4.4352E-06,1.244197E+00,3.28805E+00
-4.4256E-06,1.219226E+00,3.27981E+00
-4.4160E-06,1.243953E+00,3.28805E+00
-4.4064E-06,1.243098E+00,3.29690E+00
-4.3968E-06,1.235477E+00,3.30178E+00
-4.3872E-06,1.254420E+00,3.27737E+00
-4.3776E-06,1.241183E+00,3.30178E+00
-4.3680E-06,1.254092E+00,3.28469E+00
-4.3584E-06,1.264560E+00,3.29201E+00
-4.3488E-06,1.257594E+00,3.29934E+00
-4.3392E-06,1.275111E+00,3.28805E+00
-4.3296E-06,1.286594E+00,3.28637E+00
-4.3200E-06,1.299831E+00,3.29049E+00
-4.3104E-06,1.307613E+00,3.29934E+00
-4.3008E-06,1.311526E+00,3.28805E+00
-4.2912E-06,1.327777E+00,3.29934E+00
-4.2816E-06,1.354045E+00,3.29201E+00
-4.2720E-06,1.345042E+00,3.28072E+00
-4.2624E-06,1.350253E+00,3.30422E+00
-4.2528E-06,1.382762E+00,3.29125E+00
-4.2432E-06,1.375018E+00,3.30102E+00
-4.2336E-06,1.382434E+00,3.29537E+00
-4.2240E-06,1.406993E+00,3.29613E+00
-4.2144E-06,1.394328E+00,3.28957E+00
-4.2048E-06,1.390704E+00,3.29781E+00
-4.1952E-06,1.403491E+00,3.29293E+00
-4.1856E-06,1.390094E+00,3.29781E+00
-4.1760E-06,1.398524E+00,3.29201E+00
-4.1664E-06,1.386386E+00,3.29613E+00
-4.1568E-06,1.386264E+00,3.29369E+00
-4.1472E-06,1.374736E+00,3.29537E+00
-4.1376E-06,1.372493E+00,3.29934E+00
-4.1280E-06,1.353641E+00,3.28072E+00
-4.1184E-06,1.353275E+00,3.29446E+00
-4.1088E-06,1.339709E+00,3.28713E+00
-4.0992E-06,1.327243E+00,3.29934E+00
-4.0896E-06,1.328708E+00,3.28957E+00
-4.0800E-06,1.309199E+00,3.29613E+00
-4.0704E-06,1.302035E+00,3.28805E+00
-4.0608E-06,1.305698E+00,3.28469E+00
-4.0512E-06,1.278857E+00,3.29781E+00
-4.0416E-06,1.280811E+00,3.28713E+00
-4.0320E-06,1.260654E+00,3.29369E+00
-4.0224E-06,1.253482E+00,3.29201E+00
-4.0128E-06,1.254825E+00,3.28713E+00
-4.0032E-06,1.248149E+00,3.30270E+00
-3.9936E-06,1.247539E+00,3.29537E+00
-3.9840E-06,1.251201E+00,3.28957E+00
-3.9744E-06,1.229694E+00,3.27981E+00
-3.9648E-06,1.243465E+00,3.30025E+00
-3.9552E-06,1.244357E+00,3.29125E+00
-3.9456E-06,1.235645E+00,3.28072E+00
-3.9360E-06,1.251285E+00,3.27584E+00
-3.9264E-06,1.246600E+00,3.29537E+00
-3.9168E-06,1.257274E+00,3.28805E+00
-3.9072E-06,1.259555E+00,3.28805E+00
-3.8976E-06,1.256580E+00,3.28805E+00
-3.8880E-06,1.276782E+00,3.28225E+00
-3.8784E-06,1.272708E+00,3.29690E+00
-3.8688E-06,1.289569E+00,3.28561E+00
-3.8592E-06,1.296863E+00,3.28561E+00
-3.8496E-06,1.303950E+00,3.30514E+00
-3.8400E-06,1.323741E+00,3.27660E+00
-3.8304E-06,1.332744E+00,3.28957E+00
-3.8208E-06,1.340846E+00,3.27737E+00
-3.8112E-06,1.346835E+00,3.28561E+00
-3.8016E-06,1.361095E+00,3.28637E+00
-3.7920E-06,1.360072E+00,3.29781E+00
-3.7824E-06,1.357791E+00,3.28957E+00
-3.7728E-06,1.388583E+00,3.30025E+00
-3.7632E-06,1.397868E+00,3.27492E+00
-3.7536E-06,1.377628E+00,3.29613E+00
-3.7440E-06,1.398074E+00,3.27737E+00
-3.7344E-06,1.398845E+00,3.29537E+00
-3.7248E-06,1.382960E+00,3.29125E+00
-3.7152E-06,1.386096E+00,3.28881E+00
-3.7056E-06,1.392207E+00,3.28561E+00
-3.6960E-06,1.370784E+00,3.29446E+00
-3.6864E-06,1.378322E+00,3.28561E+00
-3.6768E-06,1.359378E+00,3.28713E+00
-3.6672E-06,1.346629E+00,3.28957E+00
-3.6576E-06,1.337344E+00,3.28469E+00
-3.6480E-06,1.327289E+00,3.29369E+00
-3.6384E-06,1.314250E+00,3.30178E+00
-3.6288E-06,1.295268E+00,3.29446E+00
-3.6192E-06,1.277270E+00,3.30025E+00
-3.6096E-06,1.291766E+00,3.28225E+00
-3.6000E-06,1.261913E+00,3.29369E+00
-3.5904E-06,1.270305E+00,3.28316E+00
-3.5808E-06,1.257838E+00,3.29690E+00
-3.5712E-06,1.246600E+00,3.29049E+00
-3.5616E-06,1.239307E+00,3.29201E+00
-3.5520E-06,1.243381E+00,3.29049E+00
-3.5424E-06,1.233936E+00,3.29690E+00
-3.5328E-06,1.245784E+00,3.29201E+00
-3.5232E-06,1.234134E+00,3.29613E+00
-3.5136E-06,1.241550E+00,3.30270E+00
-3.5040E-06,1.241145E+00,3.29201E+00
-3.4944E-06,1.240367E+00,3.29369E+00
-3.4848E-06,1.260974E+00,3.29537E+00
-3.4752E-06,1.247127E+00,3.28957E+00
-3.4656E-06,1.259349E+00,3.29369E+00
-3.4560E-06,1.270099E+00,3.29049E+00
-3.4464E-06,1.271365E+00,3.29125E+00
-3.4368E-06,1.295230E+00,3.28805E+00
-3.4272E-06,1.296695E+00,3.28469E+00
-3.4176E-06,1.303867E+00,3.28637E+00
-3.4080E-06,1.321620E+00,3.29858E+00
-3.3984E-06,1.327411E+00,3.30025E+00
-3.3888E-06,1.339420E+00,3.29049E+00
-3.3792E-06,1.347690E+00,3.29537E+00
-3.3696E-06,1.369601E+00,3.28469E+00
-3.3600E-06,1.374454E+00,3.28957E+00
-3.3504E-06,1.381862E+00,3.29781E+00
-3.3408E-06,1.388866E+00,3.28225E+00
-3.3312E-06,1.382312E+00,3.28881E+00
-3.3216E-06,1.397792E+00,3.30102E+00
-3.3120E-06,1.403979E+00,3.27904E+00
-3.3024E-06,1.387447E+00,3.29446E+00
-3.2928E-06,1.398601E+00,3.28957E+00
-3.2832E-06,1.395755E+00,3.29369E+00
-3.2736E-06,1.386218E+00,3.28957E+00
-3.2640E-06,1.377711E+00,3.29369E+00
-3.2544E-06,1.371028E+00,3.30834E+00
-3.2448E-06,1.362559E+00,3.30102E+00
-3.2352E-06,1.346629E+00,3.30102E+00
-3.2256E-06,1.357425E+00,3.28393E+00
-3.2160E-06,1.330669E+00,3.29537E+00
-3.2064E-06,1.329036E+00,3.29201E+00
-3.1968E-06,1.323009E+00,3.29049E+00
-3.1872E-06,1.313846E+00,3.29446E+00
-3.1776E-06,1.299876E+00,3.29934E+00
-3.1680E-06,1.295886E+00,3.29690E+00
-3.1584E-06,1.291888E+00,3.29125E+00
-3.1488E-06,1.271037E+00,3.29934E+00
-3.1392E-06,1.272098E+00,3.29781E+00
-3.1296E-06,1.255237E+00,3.29690E+00
-3.1200E-06,1.252994E+00,3.29613E+00
-3.1104E-06,1.253078E+00,3.29201E+00
-3.1008E-06,1.238376E+00,3.29201E+00
-3.0912E-06,1.242931E+00,3.29293E+00
-3.0816E-06,1.249736E+00,3.12341E+00
-3.0720E-06,1.259387E+00,1.87707E+00
-3.0624E-06,1.296413E+00,8.42521E-01
-3.0528E-06,1.299915E+00,3.79875E-01
-3.0432E-06,1.269038E+00,1.37108E-01
-3.0336E-06,1.272136E+00,5.89825E-02
-3.0240E-06,1.259265E+00,1.48846E-02
-3.0144E-06,1.246761E+00,-2.00580E-02
-3.0048E-06,1.243831E+00,-3.30280E-02
-2.9952E-06,1.252055E+00,-3.95892E-02
-2.9856E-06,1.268024E+00,-3.71478E-02
-2.9760E-06,1.267619E+00,-5.10333E-02
-2.9664E-06,1.298694E+00,-3.30280E-02
-2.9568E-06,1.309566E+00,-5.34747E-02
-2.9472E-06,1.308063E+00,-3.47064E-02
-2.9376E-06,1.334331E+00,-4.61505E-02
-2.9280E-06,1.320972E+00,-2.08209E-02
-2.9184E-06,1.360805E+00,-4.29462E-02
-2.9088E-06,1.341823E+00,-2.66193E-02
-2.8992E-06,1.346225E+00,-2.32623E-02
-2.8896E-06,1.358768E+00,-4.29462E-02
-2.8800E-06,1.353679E+00,-2.49408E-02
-2.8704E-06,1.361133E+00,-3.95892E-02
-2.8608E-06,1.362109E+00,-2.49408E-02
-2.8512E-06,1.368259E+00,-2.98236E-02
-2.8416E-06,1.371638E+00,-2.81451E-02
-2.8320E-06,1.362353E+00,-3.39435E-02
-2.8224E-06,1.387935E+00,-2.17365E-02
-2.8128E-06,1.400806E+00,-3.22650E-02
-2.8032E-06,1.382106E+00,-2.49408E-02
-2.7936E-06,1.401294E+00,-3.54694E-02
-2.7840E-06,1.400844E+00,-2.73822E-02
-2.7744E-06,1.381007E+00,-3.15021E-02
-2.7648E-06,1.388744E+00,-7.08801E-03
-2.7552E-06,1.388499E+00,-2.32623E-02
-2.7456E-06,1.366428E+00,-2.17365E-02
-2.7360E-06,1.359790E+00,-2.57037E-02
-2.7264E-06,1.364757E+00,-1.59381E-02
-2.7168E-06,1.333354E+00,-1.83795E-02
-2.7072E-06,1.333926E+00,-2.32623E-02
-2.6976E-06,1.321750E+00,-3.47064E-02
-2.6880E-06,1.308917E+00,-1.76166E-02
-2.6784E-06,1.303172E+00,-2.81451E-02
-2.6688E-06,1.279506E+00,-2.00580E-02
-2.6592E-06,1.286716E+00,-3.15021E-02
-2.6496E-06,1.263377E+00,-2.17365E-02
-2.6400E-06,1.270549E+00,-2.17365E-02
-2.6304E-06,1.254176E+00,-2.32623E-02
-2.6208E-06,1.248309E+00,-1.92950E-02
-2.6112E-06,1.255275E+00,-3.30280E-02
-2.6016E-06,1.244075E+00,-1.10553E-02
-2.5920E-06,1.246440E+00,-2.66193E-02
-2.5824E-06,1.252910E+00,-2.24994E-02
-2.5728E-06,1.238498E+00,-3.30280E-02
-2.5632E-06,1.241512E+00,-1.27338E-02
-2.5536E-06,1.255191E+00,-2.00580E-02
-2.5440E-06,1.239917E+00,-2.57037E-02
-2.5344E-06,1.265536E+00,-2.08209E-02
-2.5248E-06,1.242564E+00,-1.59381E-02
-2.5152E-06,1.256984E+00,-2.57037E-02
-2.5056E-06,1.256908E+00,-1.92950E-02
-2.4960E-06,1.246928E+00,-7.85095E-03
-2.4864E-06,1.266841E+00,-3.05865E-02
-2.4768E-06,1.260654E+00,-1.68536E-02
-2.4672E-06,1.264156E+00,-2.90607E-02
-2.4576E-06,1.276172E+00,-2.66193E-02
-2.4480E-06,1.278529E+00,-2.49408E-02
-2.4384E-06,1.292827E+00,-2.73822E-02
-2.4288E-06,1.296695E+00,-3.22650E-02
-2.4192E-06,1.316577E+00,-2.98236E-02
-2.4096E-06,1.316325E+00,-2.66193E-02
-2.4000E-06,1.330669E+00,-1.83795E-02
-2.3904E-06,1.342395E+00,-3.05865E-02
-2.3808E-06,1.345576E+00,-2.00580E-02
-2.3712E-06,1.356898E+00,-2.32623E-02
-2.3616E-06,1.370174E+00,-2.73822E-02
-2.3520E-06,1.365085E+00,-3.05865E-02
-2.3424E-06,1.374286E+00,-1.83795E-02
-2.3328E-06,1.391719E+00,-1.76166E-02
-2.3232E-06,1.376613E+00,-3.15021E-02
-2.3136E-06,1.388950E+00,-2.17365E-02
-2.3040E-06,1.397380E+00,-2.90607E-02
-2.2944E-06,1.384799E+00,-2.57037E-02
-2.2848E-06,1.384105E+00,-3.05865E-02
-2.2752E-06,1.407359E+00,-1.51752E-02
-2.2656E-06,1.382922E+00,-1.68536E-02
-2.2560E-06,1.384753E+00,-2.17365E-02
-2.2464E-06,1.396403E+00,-2.00580E-02
-2.2368E-06,1.389110E+00,-1.02924E-02
-2.2272E-06,1.385165E+00,-1.76166E-02
-2.2176E-06,1.383044E+00,-1.92950E-02
-2.2080E-06,1.384631E+00,-1.44122E-02
-2.1984E-06,1.366306E+00,-1.51752E-02
-2.1888E-06,1.367610E+00,-2.57037E-02
-2.1792E-06,1.348544E+00,-1.76166E-02
-2.1696E-06,1.334819E+00,-4.64661E-03
-2.1600E-06,1.349643E+00,-3.22650E-02
-2.1504E-06,1.319835E+00,-1.76166E-02
-2.1408E-06,1.318896E+00,-1.83795E-02
-2.1312E-06,1.310100E+00,-2.00580E-02
-2.1216E-06,1.295268E+00,-7.08801E-03
-2.1120E-06,1.281787E+00,-2.17365E-02
-2.1024E-06,1.279308E+00,-1.34967E-02
-2.0928E-06,1.264316E+00,-2.24994E-02
-2.0832E-06,1.256946E+00,-2.49408E-02
-2.0736E-06,1.257884E+00,-8.61389E-03
-2.0640E-06,1.246272E+00,-2.90607E-02
-2.0544E-06,1.235805E+00,-2.66193E-02
-2.0448E-06,1.239185E+00,-2.32623E-02
-2.0352E-06,1.248882E+00,-2.98236E-02
-2.0256E-06,1.213077E+00,-2.49408E-02
-2.0160E-06,1.243259E+00,-1.83795E-02
-2.0064E-06,1.248676E+00,-1.10553E-02
-1.9968E-06,1.233401E+00,-1.34967E-02
-1.9872E-06,1.253688E+00,-3.47064E-02
-1.9776E-06,1.247661E+00,-1.10553E-02
-1.9680E-06,1.240939E+00,-8.61389E-03
-1.9584E-06,1.261340E+00,-2.57037E-02
-1.9488E-06,1.252589E+00,-2.73822E-02
-1.9392E-06,1.262401E+00,-2.17365E-02
-1.9296E-06,1.274577E+00,-2.49408E-02
-1.9200E-06,1.284396E+00,-2.41779E-02
-1.9104E-06,1.285297E+00,-2.08209E-02
-1.9008E-06,1.293727E+00,-2.41779E-02
-1.8912E-06,1.304233E+00,-2.41779E-02
-1.8816E-06,1.312457E+00,-1.27338E-02
-1.8720E-06,1.325252E+00,-3.05865E-02
-1.8624E-06,1.338489E+00,-2.90607E-02
-1.8528E-06,1.338687E+00,-1.92950E-02
-1.8432E-06,1.352412E+00,-2.81451E-02
-1.8336E-06,1.373347E+00,-2.49408E-02
-1.8240E-06,1.357913E+00,-3.71478E-02
-1.8144E-06,1.380397E+00,-2.00580E-02
-1.8048E-06,1.392902E+00,-3.05865E-02
-1.7952E-06,1.379871E+00,-2.41779E-02
-1.7856E-06,1.395671E+00,-2.66193E-02
-1.7760E-06,1.400150E+00,-1.92950E-02
-1.7664E-06,1.392001E+00,-7.85095E-03
-1.7568E-06,1.398479E+00,-1.92950E-02
-1.7472E-06,1.393878E+00,-1.76166E-02
-1.7376E-06,1.386386E+00,-9.52942E-03
-1.7280E-06,1.380031E+00,-1.83795E-02
-1.7184E-06,1.375713E+00,-1.02924E-02
-1.7088E-06,1.370380E+00,-2.17365E-02
-1.6992E-06,1.356410E+00,-9.52942E-03
-1.6896E-06,1.357753E+00,-2.17365E-02
-1.6800E-06,1.342883E+00,-1.10553E-02
-1.6704E-06,1.333598E+00,-1.76166E-02
-1.6608E-06,1.341212E+00,-3.30280E-02
-1.6512E-06,1.321460E+00,-1.76166E-02
-1.6416E-06,1.322726E+00,-1.10553E-02
-1.6320E-06,1.303294E+00,-1.68536E-02
-1.6224E-06,1.296779E+00,-1.10553E-02
-1.6128E-06,1.295230E+00,-1.51752E-02
-1.6032E-06,1.282359E+00,-1.59381E-02
-1.5936E-06,1.277476E+00,-2.24994E-02
-1.5840E-06,1.268230E+00,-1.68536E-02
-1.5744E-06,1.262767E+00,-1.44122E-02
-1.5648E-06,1.260043E+00,-2.41779E-02
-1.5552E-06,1.252422E+00,-1.59381E-02
-1.5456E-06,1.242038E+00,-3.05865E-02
-1.5360E-06,1.244441E+00,-1.59381E-02
-1.5264E-06,1.241100E+00,-2.00580E-02
-1.5168E-06,1.239230E+00,-1.10553E-02
-1.5072E-06,1.239635E+00,-2.57037E-02
-1.4976E-06,1.232753E+00,-3.30280E-02
-1.4880E-06,1.248676E+00,-1.19708E-02
-1.4784E-06,1.243953E+00,-1.83795E-02
-1.4688E-06,1.256824E+00,-2.24994E-02
-1.4592E-06,1.260486E+00,-2.81451E-02
-1.4496E-06,1.261752E+00,-1.83795E-02
-1.4400E-06,1.280933E+00,-2.49408E-02
-1.4304E-06,1.287616E+00,-2.73822E-02
-1.4208E-06,1.294498E+00,-4.20306E-02
-1.4112E-06,1.302524E+00,-7.08801E-03
-1.4016E-06,1.315837E+00,-1.19708E-02
-1.3920E-06,1.317798E+00,-2.81451E-02
-1.3824E-06,1.340236E+00,-3.05865E-02
-1.3728E-06,1.335551E+00,-2.73822E-02
-1.3632E-06,1.353801E+00,-7.85095E-03
-1.3536E-06,1.367488E+00,-2.17365E-02
-1.3440E-06,1.362270E+00,-2.08209E-02
-1.3344E-06,1.380923E+00,-1.59381E-02
-1.3248E-06,1.380603E+00,-9.52942E-03
-1.3152E-06,1.387889E+00,-2.17365E-02
-1.3056E-06,1.384677E+00,-2.98236E-02
-1.2960E-06,1.388057E+00,-2.17365E-02
-1.2864E-06,1.395023E+00,-1.27338E-02
-1.2768E-06,1.397014E+00,-2.90607E-02
-1.2672E-06,1.385364E+00,-1.76166E-02
-1.2576E-06,1.393352E+00,-2.00580E-02
-1.2480E-06,1.390414E+00,-2.08209E-02
-1.2384E-06,1.387447E+00,-3.05865E-02
-1.2288E-06,1.379993E+00,-3.30280E-02
-1.2192E-06,1.369846E+00,-3.73108E-03
-1.2096E-06,1.380275E+00,-2.98236E-02
-1.2000E-06,1.366428E+00,-1.44122E-02
-1.1904E-06,1.369235E+00,-2.08209E-02
-1.1808E-06,1.362071E+00,-2.00580E-02
-1.1712E-06,1.355022E+00,-2.32623E-02
-1.1616E-06,1.345493E+00,-1.92950E-02
-1.1520E-06,1.341991E+00,-2.57037E-02
-1.1424E-06,1.331439E+00,-3.80634E-02
-1.1328E-06,1.315921E+00,-2.24994E-02
-1.1232E-06,1.326472E+00,-8.61389E-03
-1.1136E-06,1.318935E+00,-2.17365E-02
-1.1040E-06,1.298083E+00,-1.27338E-02
-1.0944E-06,1.301135E+00,-2.49408E-02
-1.0848E-06,1.284724E+00,-1.02924E-02
-1.0752E-06,1.298083E+00,-2.24994E-02
-1.0656E-06,1.275806E+00,-2.32623E-02
-1.0560E-06,1.274173E+00,-1.83795E-02
-1.0464E-06,1.271197E+00,-1.92950E-02
-1.0368E-06,1.269778E+00,-2.24994E-02
-1.0272E-06,1.259311E+00,-2.41779E-02
-1.0176E-06,1.257762E+00,-1.59381E-02
-1.0080E-06,1.262447E+00,-2.00580E-02
-9.9840E-07,1.249942E+00,-1.19708E-02
-9.8880E-07,1.250873E+00,-2.41779E-02
-9.7920E-07,1.238940E+00,-2.66193E-02
-9.6960E-07,1.232585E+00,-1.34967E-02
-9.6000E-07,1.246356E+00,-2.32623E-02
-9.5040E-07,1.223872E+00,-1.68536E-02
-9.4080E-07,1.231853E+00,-2.81451E-02
-9.3120E-07,1.238124E+00,-1.27338E-02
-9.2160E-07,1.229327E+00,-3.47064E-02
-9.1200E-07,1.224605E+00,-1.10553E-02
-9.0240E-07,1.242038E+00,-2.66193E-02
-8.9280E-07,1.235156E+00,-2.24994E-02
-8.8320E-07,1.253810E+00,-1.34967E-02
-8.7360E-07,1.249210E+00,-2.00580E-02
-8.6400E-07,1.258739E+00,-2.90607E-02
-8.5440E-07,1.262569E+00,-2.00580E-02
-8.4480E-07,1.268878E+00,-1.51752E-02
-8.3520E-07,1.276782E+00,-3.05865E-02
-8.2560E-07,1.277599E+00,-2.90607E-02
-8.1600E-07,1.275516E+00,-2.00580E-02
-8.0640E-07,1.284724E+00,-1.59381E-02
-7.9680E-07,1.285007E+00,-2.08209E-02
-7.8720E-07,1.292911E+00,-2.49408E-02
-7.7760E-07,1.291202E+00,-3.47064E-02
-7.6800E-07,1.294536E+00,-1.76166E-02
-7.5840E-07,1.305125E+00,-3.15021E-02
-7.4880E-07,1.297877E+00,-3.54694E-02
-7.3920E-07,1.311526E+00,-1.92950E-02
-7.2960E-07,1.317470E+00,-1.27338E-02
-7.2000E-07,1.334415E+00,-2.32623E-02
-7.1040E-07,1.323215E+00,-2.08209E-02
-7.0080E-07,1.333881E+00,-2.49408E-02
-6.9120E-07,1.339221E+00,-2.81451E-02
-6.8160E-07,1.342601E+00,-5.40955E-03
-6.7200E-07,1.348590E+00,-2.81451E-02
-6.6240E-07,1.356731E+00,-2.49408E-02
-6.5280E-07,1.351970E+00,-2.41779E-02
-6.4320E-07,1.364841E+00,-1.34967E-02
-6.3360E-07,1.379298E+00,-2.24994E-02
-6.2400E-07,1.366145E+00,-1.44122E-02
-6.1440E-07,1.377994E+00,-1.92950E-02
-6.0480E-07,1.386096E+00,-1.34967E-02
-5.9520E-07,1.375919E+00,-2.00580E-02
-5.8560E-07,1.397380E+00,-2.90607E-02
-5.7600E-07,1.368465E+00,-2.41779E-02
-5.6640E-07,1.398441E+00,-3.73108E-03
-5.5680E-07,1.395099E+00,-2.90607E-02
-5.4720E-07,1.381091E+00,-1.59381E-02
-5.3760E-07,1.391437E+00,-3.30280E-02
-5.2800E-07,1.389232E+00,-1.51752E-02
-5.1840E-07,1.370174E+00,-7.08801E-03
-5.0880E-07,1.393352E+00,-3.88263E-02
-4.9920E-07,1.376979E+00,-2.66193E-02
-4.8960E-07,1.382312E+00,-7.85095E-03
-4.8000E-07,1.387851E+00,-2.32623E-02
-4.7040E-07,1.380237E+00,-2.00580E-02
-4.6080E-07,1.378322E+00,-1.59381E-02
-4.5120E-07,1.377467E+00,-1.27338E-02
-4.4160E-07,1.377467E+00,-2.08209E-02
-4.3200E-07,1.363002E+00,-8.61389E-03
-4.2240E-07,1.367526E+00,-2.00580E-02
-4.1280E-07,1.367892E+00,-2.57037E-02
-4.0320E-07,1.355182E+00,-3.05865E-02
-3.9360E-07,1.359668E+00,-2.41779E-02
-3.8400E-07,1.333598E+00,-1.76166E-02
-3.7440E-07,1.355754E+00,-2.41779E-02
-3.6480E-07,1.337878E+00,-2.08209E-02
-3.5520E-07,1.323619E+00,-1.59381E-02
-3.4560E-07,1.320155E+00,-2.81451E-02
-3.3600E-07,1.323009E+00,-7.08801E-03
-3.2640E-07,1.289729E+00,-2.24994E-02
-3.1680E-07,1.316287E+00,-1.44122E-02
-3.0720E-07,1.304843E+00,-1.92950E-02
-2.9760E-07,1.283176E+00,-5.40955E-03
-2.8800E-07,1.301501E+00,-2.73822E-02
-2.7840E-07,1.275439E+00,-1.02924E-02
-2.6880E-07,1.268634E+00,-1.92950E-02
-2.5920E-07,1.275760E+00,-2.08209E-02
-2.4960E-07,1.259593E+00,-1.59381E-02
-2.4000E-07,1.259105E+00,-1.02924E-02
-2.3040E-07,1.245822E+00,-1.76166E-02
-2.2080E-07,1.240527E+00,-6.17249E-03
-2.1120E-07,1.254214E+00,-3.71478E-02
-2.0160E-07,1.234622E+00,-1.83795E-02
-1.9200E-07,1.242564E+00,-2.57037E-02
-1.8240E-07,1.229251E+00,-1.10553E-02
-1.7280E-07,1.241672E+00,-8.61389E-03
-1.6320E-07,1.247661E+00,-1.34967E-02
-1.5360E-07,1.243831E+00,-1.02924E-02
-1.4400E-07,1.246028E+00,-2.41779E-02
-1.3440E-07,1.257762E+00,-2.41779E-02
-1.2480E-07,1.233974E+00,-1.27338E-02
-1.1520E-07,1.253604E+00,-2.17365E-02
-1.0560E-07,1.255725E+00,-2.17365E-02
-9.6000E-08,1.242732E+00,-1.51752E-02
-8.6400E-08,1.262691E+00,-2.17365E-02
-7.6800E-08,1.254787E+00,-2.08209E-02
-6.7200E-08,1.254947E+00,-1.92950E-02
-5.7600E-08,1.258533E+00,-2.17365E-02
-4.8000E-08,1.257922E+00,-1.76166E-02
-3.8400E-08,1.268352E+00,-2.17365E-02
-2.8800E-08,1.261836E+00,-2.90607E-02
-1.9200E-08,1.282725E+00,-3.54694E-02
-9.6000E-09,1.263423E+00,1.68846E-01
-1.4419E-20,1.255275E+00,1.38833E+00
9.6000E-09,1.227534E+00,2.39190E+00
1.9200E-08,1.224239E+00,2.87667E+00
2.8800E-08,1.271930E+00,3.10967E+00
3.8400E-08,1.288470E+00,3.19680E+00
4.8000E-08,1.304477E+00,3.25539E+00
5.7600E-08,1.321460E+00,3.27737E+00
6.7200E-08,1.345004E+00,3.29690E+00
7.6800E-08,1.341540E+00,3.30025E+00
8.6400E-08,1.350421E+00,3.30270E+00
9.6000E-08,1.345859E+00,3.29690E+00
1.0560E-07,1.343860E+00,3.32467E+00
1.1520E-07,1.345287E+00,3.30926E+00
1.2480E-07,1.360561E+00,3.31658E+00
1.3440E-07,1.348590E+00,3.31078E+00
1.4400E-07,1.354655E+00,3.31322E+00
1.5360E-07,1.364146E+00,3.30178E+00
1.6320E-07,1.375186E+00,3.31658E+00
1.7280E-07,1.366588E+00,3.28713E+00
1.8240E-07,1.384181E+00,3.31170E+00
1.9200E-07,1.383083E+00,3.30270E+00
2.0160E-07,1.378116E+00,3.31078E+00
2.1120E-07,1.388911E+00,3.30270E+00
2.2080E-07,1.379749E+00,3.31658E+00
2.3040E-07,1.396037E+00,3.30102E+00
2.4000E-07,1.382106E+00,3.32711E+00
2.4960E-07,1.389354E+00,3.30346E+00
2.5920E-07,1.386264E+00,3.30102E+00
2.6880E-07,1.374980E+00,3.31490E+00
2.7840E-07,1.390987E+00,3.31490E+00
2.8800E-07,1.400722E+00,3.29125E+00
2.9760E-07,1.371600E+00,3.31490E+00
3.0720E-07,1.390414E+00,3.30025E+00
3.1680E-07,1.387035E+00,3.30514E+00
3.2640E-07,1.384387E+00,3.30346E+00
3.3600E-07,1.383617E+00,3.29781E+00
3.4560E-07,1.382106E+00,3.30682E+00
3.5520E-07,1.381091E+00,3.30422E+00
3.6480E-07,1.381618E+00,3.29934E+00
3.7440E-07,1.371188E+00,3.28561E+00
3.8400E-07,1.371310E+00,3.29858E+00
3.9360E-07,1.373470E+00,3.29446E+00
4.0320E-07,1.363902E+00,3.30682E+00
4.1280E-07,1.361049E+00,3.29369E+00
4.2240E-07,1.351360E+00,3.30102E+00
4.3200E-07,1.338977E+00,3.31490E+00
4.4160E-07,1.347240E+00,3.29858E+00
4.5120E-07,1.325412E+00,3.29690E+00
4.6080E-07,1.325534E+00,3.30514E+00
4.7040E-07,1.314052E+00,3.30422E+00
4.8000E-07,1.309444E+00,3.29049E+00
4.8960E-07,1.301097E+00,3.29781E+00
4.9920E-07,1.290218E+00,3.30682E+00
5.0880E-07,1.286472E+00,3.30422E+00
5.1840E-07,1.268306E+00,3.30270E+00
5.2800E-07,1.266719E+00,3.30346E+00
5.3760E-07,1.264804E+00,3.28805E+00
5.4720E-07,1.244601E+00,3.30025E+00
5.5680E-07,1.251041E+00,3.30422E+00
5.6640E-07,1.247737E+00,3.30270E+00
5.7600E-07,1.229205E+00,3.29125E+00
5.8560E-07,1.235110E+00,3.30682E+00
5.9520E-07,1.238376E+00,3.29690E+00
6.0480E-07,1.226360E+00,3.30758E+00
6.1440E-07,1.234134E+00,3.29446E+00
6.2400E-07,1.232265E+00,3.30682E+00
6.3360E-07,1.238742E+00,3.30422E+00
6.4320E-07,1.241023E+00,3.29537E+00
6.5280E-07,1.240001E+00,3.28713E+00
6.6240E-07,1.253398E+00,3.29293E+00
6.7200E-07,1.244647E+00,3.29537E+00
6.8160E-07,1.270999E+00,3.28805E+00
6.9120E-07,1.264804E+00,3.28957E+00
7.0080E-07,1.265781E+00,3.30025E+00
7.1040E-07,1.289653E+00,3.28805E+00
7.2000E-07,1.291766E+00,3.28957E+00
7.2960E-07,1.303088E+00,3.29293E+00
7.3920E-07,1.315677E+00,3.30178E+00
7.4880E-07,1.320644E+00,3.29293E+00
7.5840E-07,1.331767E+00,3.30346E+00
7.6800E-07,1.344882E+00,3.28713E+00
7.7760E-07,1.344714E+00,3.29781E+00
7.8720E-07,1.354373E+00,3.29049E+00
7.9680E-07,1.361583E+00,3.30025E+00
8.0640E-07,1.365771E+00,3.29613E+00
8.1600E-07,1.371310E+00,3.29781E+00
8.2560E-07,1.377994E+00,3.29934E+00
8.3520E-07,1.387035E+00,3.29446E+00
8.4480E-07,1.386142E+00,3.28713E+00
8.5440E-07,1.391475E+00,3.29537E+00
8.6400E-07,1.389476E+00,3.30346E+00
8.7360E-07,1.399745E+00,3.29613E+00
8.8320E-07,1.381335E+00,3.30758E+00
8.9280E-07,1.387935E+00,3.28469E+00
9.0240E-07,1.373309E+00,3.29934E+00
9.1200E-07,1.370334E+00,3.29446E+00
9.2160E-07,1.353397E+00,3.28957E+00
9.3120E-07,1.346065E+00,3.28713E+00
9.4080E-07,1.327365E+00,3.30270E+00
9.5040E-07,1.319057E+00,3.30758E+00
9.6000E-07,1.311237E+00,3.27981E+00
9.6960E-07,1.283664E+00,3.30270E+00
9.7920E-07,1.277270E+00,3.29858E+00
9.8880E-07,1.286884E+00,3.28561E+00
9.9840E-07,1.253482E+00,3.29858E+00
1.0080E-06,1.258617E+00,3.29369E+00
1.0176E-06,1.243831E+00,3.30178E+00
1.0272E-06,1.241878E+00,3.30270E+00
1.0368E-06,1.247417E+00,3.29125E+00
1.0464E-06,1.237804E+00,3.30025E+00
1.0560E-06,1.234218E+00,3.28149E+00
1.0656E-06,1.237559E+00,3.30178E+00
1.0752E-06,1.231204E+00,3.29201E+00
1.0848E-06,1.235805E+00,3.29934E+00
1.0944E-06,1.238002E+00,3.30102E+00
1.1040E-06,1.235645E+00,3.29613E+00
1.1136E-06,1.252422E+00,3.30102E+00
1.1232E-06,1.251247E+00,3.29049E+00
1.1328E-06,1.258861E+00,3.30025E+00
1.1424E-06,1.266147E+00,3.29858E+00
1.1520E-06,1.269733E+00,3.29934E+00
1.1616E-06,1.289691E+00,3.29125E+00
1.1712E-06,1.288104E+00,3.29293E+00
1.1808E-06,1.312579E+00,3.29369E+00
1.1904E-06,1.309039E+00,3.30270E+00
1.2000E-06,1.319591E+00,3.31246E+00
1.2096E-06,1.331439E+00,3.28957E+00
1.2192E-06,1.337260E+00,3.28881E+00
1.2288E-06,1.349933E+00,3.28805E+00
1.2384E-06,1.356448E+00,3.30025E+00
1.2480E-06,1.365245E+00,3.29125E+00
1.2576E-06,1.368175E+00,3.30102E+00
1.2672E-06,1.370540E+00,3.30178E+00
1.2768E-06,1.397624E+00,3.29613E+00
1.2864E-06,1.399623E+00,3.28805E+00
1.2960E-06,1.383289E+00,3.30025E+00
1.3056E-06,1.402965E+00,3.29049E+00
1.3152E-06,1.408908E+00,3.30102E+00
1.3248E-06,1.390498E+00,3.29858E+00
1.3344E-06,1.400195E+00,3.30102E+00
1.3440E-06,1.402309E+00,3.30682E+00
1.3536E-06,1.387363E+00,3.29690E+00
1.3632E-06,1.395183E+00,3.30025E+00
1.3728E-06,1.375018E+00,3.28469E+00
1.3824E-06,1.369563E+00,3.30102E+00
1.3920E-06,1.369647E+00,3.29369E+00
1.4016E-06,1.359500E+00,3.29613E+00
1.4112E-06,1.351558E+00,3.28393E+00
1.4208E-06,1.340564E+00,3.30102E+00
1.4304E-06,1.331889E+00,3.29934E+00
1.4400E-06,1.343211E+00,3.29293E+00
1.4496E-06,1.321010E+00,3.30178E+00
1.4592E-06,1.317836E+00,3.29690E+00
1.4688E-06,1.299182E+00,3.29690E+00
1.4784E-06,1.294986E+00,3.31170E+00
1.4880E-06,1.291568E+00,3.28805E+00
1.4976E-06,1.269000E+00,3.30025E+00
1.5072E-06,1.269656E+00,3.30590E+00
1.5168E-06,1.264278E+00,3.31246E+00
1.5264E-06,1.244281E+00,3.30346E+00
1.5360E-06,1.244929E+00,3.29293E+00
1.5456E-06,1.238330E+00,3.29201E+00
1.5552E-06,1.230678E+00,3.29613E+00
1.5648E-06,1.247050E+00,3.28225E+00
1.5744E-06,1.210597E+00,3.29369E+00
1.5840E-06,1.235889E+00,3.29369E+00
1.5936E-06,1.247127E+00,3.28713E+00
1.6032E-06,1.231082E+00,3.29934E+00
1.6128E-06,1.253810E+00,3.28881E+00
1.6224E-06,1.257922E+00,3.30025E+00
1.6320E-06,1.252383E+00,3.30590E+00
1.6416E-06,1.280162E+00,3.28561E+00
1.6512E-06,1.273479E+00,3.29201E+00
1.6608E-06,1.287006E+00,3.30178E+00
1.6704E-06,1.302280E+00,3.28957E+00
1.6800E-06,1.308139E+00,3.28805E+00
1.6896E-06,1.305537E+00,3.29125E+00
1.6992E-06,1.314250E+00,3.28637E+00
1.7088E-06,1.321460E+00,3.29690E+00
1.7184E-06,1.324268E+00,3.29446E+00
1.7280E-06,1.329120E+00,3.28469E+00
1.7376E-06,1.338893E+00,3.28469E+00
1.7472E-06,1.333682E+00,3.30270E+00
1.7568E-06,1.348422E+00,3.29858E+00
1.7664E-06,1.367686E+00,3.28713E+00
1.7760E-06,1.348262E+00,3.28957E+00
1.7856E-06,1.367488E+00,3.29125E+00
1.7952E-06,1.382884E+00,3.29125E+00
1.8048E-06,1.372577E+00,3.29690E+00
1.8144E-06,1.386218E+00,3.28072E+00
1.8240E-06,1.392940E+00,3.28713E+00
1.8336E-06,1.385608E+00,3.30514E+00
1.8432E-06,1.392451E+00,3.27904E+00
1.8528E-06,1.390094E+00,3.30025E+00
1.8624E-06,1.382922E+00,3.29446E+00
1.8720E-06,1.375629E+00,3.29201E+00
1.8816E-06,1.373836E+00,3.28957E+00
1.8912E-06,1.359058E+00,3.28713E+00
1.9008E-06,1.348750E+00,3.30178E+00
1.9104E-06,1.348056E+00,3.28469E+00
1.9200E-06,1.326793E+00,3.28805E+00
1.9296E-06,1.314334E+00,3.29690E+00
1.9392E-06,1.324474E+00,3.28561E+00
1.9488E-06,1.293193E+00,3.30346E+00
1.9584E-06,1.294170E+00,3.29446E+00
1.9680E-06,1.272586E+00,3.27828E+00
1.9776E-06,1.270549E+00,3.30346E+00
1.9872E-06,1.269450E+00,3.29201E+00
1.9968E-06,1.255313E+00,3.30270E+00
2.0064E-06,1.256702E+00,3.30346E+00
2.0160E-06,1.249454E+00,3.29781E+00
2.0256E-06,1.238170E+00,3.29858E+00
2.0352E-06,1.240611E+00,3.29369E+00
2.0448E-06,1.239352E+00,3.29613E+00
2.0544E-06,1.231364E+00,3.29369E+00
2.0640E-06,1.244197E+00,3.29201E+00
2.0736E-06,1.235034E+00,3.30025E+00
2.0832E-06,1.246844E+00,3.29537E+00
2.0928E-06,1.244319E+00,3.30102E+00
2.1024E-06,1.239757E+00,3.30102E+00
2.1120E-06,1.261836E+00,3.29049E+00
2.1216E-06,1.256541E+00,3.29369E+00
2.1312E-06,1.281223E+00,3.27828E+00
2.1408E-06,1.276416E+00,3.29293E+00
2.1504E-06,1.284969E+00,3.30514E+00
2.1600E-06,1.303783E+00,3.29049E+00
2.1696E-06,1.306064E+00,3.30178E+00
2.1792E-06,1.315189E+00,3.29293E+00
2.1888E-06,1.334415E+00,3.28805E+00
2.1984E-06,1.336856E+00,3.29690E+00
2.2080E-06,1.343539E+00,3.30178E+00
2.2176E-06,1.362598E+00,3.28561E+00
2.2272E-06,1.361583E+00,3.29781E+00
2.2368E-06,1.377223E+00,3.30102E+00
2.2464E-06,1.386058E+00,3.29446E+00
2.2560E-06,1.384921E+00,3.29858E+00
2.2656E-06,1.383250E+00,3.29537E+00
2.2752E-06,1.414813E+00,3.30926E+00
2.2848E-06,1.398112E+00,3.29201E+00
2.2944E-06,1.391147E+00,3.29049E+00
2.3040E-06,1.402270E+00,3.29201E+00
2.3136E-06,1.398563E+00,3.31002E+00
2.3232E-06,1.391879E+00,3.28469E+00
2.3328E-06,1.390903E+00,3.29446E+00
2.3424E-06,1.389033E+00,3.28713E+00
2.3520E-06,1.377834E+00,3.30590E+00
2.3616E-06,1.379665E+00,3.29201E+00
2.3712E-06,1.355510E+00,3.29446E+00
2.3808E-06,1.352008E+00,3.30346E+00
2.3904E-06,1.348788E+00,3.30178E+00
2.4000E-06,1.334491E+00,3.30346E+00
2.4096E-06,1.327411E+00,3.29858E+00
2.4192E-06,1.305614E+00,3.28225E+00
2.4288E-06,1.298412E+00,3.29125E+00
2.4384E-06,1.294826E+00,3.28957E+00
2.4480E-06,1.271365E+00,3.29858E+00
2.4576E-06,1.265903E+00,3.28957E+00
2.4672E-06,1.260242E+00,3.29049E+00
2.4768E-06,1.240977E+00,3.29537E+00
2.4864E-06,1.240817E+00,3.29690E+00
2.4960E-06,1.240367E+00,3.29369E+00
2.5056E-06,1.223422E+00,3.29934E+00
2.5152E-06,1.235850E+00,3.29201E+00
2.5248E-06,1.231410E+00,3.29613E+00
2.5344E-06,1.230678E+00,3.28469E+00
2.5440E-06,1.231364E+00,3.29613E+00
2.5536E-06,1.238414E+00,3.29613E+00
2.5632E-06,1.249576E+00,3.28469E+00
2.5728E-06,1.250186E+00,3.28561E+00
2.5824E-06,1.256335E+00,3.29201E+00
2.5920E-06,1.277064E+00,3.28469E+00
2.6016E-06,1.278491E+00,3.29858E+00
2.6112E-06,1.293727E+00,3.28316E+00
2.6208E-06,1.294460E+00,3.28316E+00
2.6304E-06,1.311282E+00,3.28561E+00
2.6400E-06,1.309688E+00,3.29125E+00
2.6496E-06,1.311404E+00,3.29125E+00
2.6592E-06,1.321422E+00,3.28881E+00
2.6688E-06,1.332706E+00,3.29293E+00
2.6784E-06,1.336528E+00,3.28637E+00
2.6880E-06,1.339420E+00,3.28713E+00
2.6976E-06,1.351604E+00,3.27981E+00
2.7072E-06,1.356166E+00,3.29201E+00
2.7168E-06,1.366878E+00,3.28805E+00
2.7264E-06,1.385242E+00,3.29201E+00
2.7360E-06,1.386218E+00,3.28469E+00
2.7456E-06,1.377017E+00,3.28805E+00
2.7552E-06,1.390781E+00,3.29934E+00
2.7648E-06,1.388011E+00,3.28805E+00
2.7744E-06,1.387324E+00,3.28881E+00
2.7840E-06,1.386058E+00,3.30270E+00
2.7936E-06,1.387485E+00,3.29690E+00
2.8032E-06,1.381251E+00,3.29049E+00
2.8128E-06,1.379947E+00,3.29293E+00
2.8224E-06,1.355106E+00,3.28225E+00
2.8320E-06,1.358401E+00,3.29537E+00
2.8416E-06,1.350177E+00,3.29293E+00
2.8512E-06,1.330180E+00,3.29781E+00
2.8608E-06,1.326305E+00,3.28469E+00
2.8704E-06,1.306270E+00,3.29858E+00
2.8800E-06,1.294864E+00,3.29613E+00
2.8896E-06,1.302440E+00,3.28713E+00
2.8992E-06,1.274539E+00,3.29858E+00
2.9088E-06,1.276088E+00,3.29293E+00
2.9184E-06,1.264362E+00,3.28957E+00
2.9280E-06,1.249087E+00,3.29934E+00
2.9376E-06,1.248553E+00,3.29537E+00
2.9472E-06,1.243465E+00,3.28957E+00
2.9568E-06,1.237842E+00,3.29293E+00
2.9664E-06,1.247089E+00,3.29446E+00
2.9760E-06,1.224155E+00,3.27981E+00
2.9856E-06,1.234340E+00,3.30178E+00
2.9952E-06,1.244807E+00,3.29125E+00
3.0048E-06,1.235477E+00,3.30178E+00
3.0144E-06,1.253810E+00,3.28561E+00
3.0240E-06,1.250674E+00,3.30178E+00
3.0336E-06,1.259433E+00,3.29369E+00
3.0432E-06,1.269000E+00,3.28881E+00
3.0528E-06,1.270305E+00,3.29125E+00
3.0624E-06,1.296779E+00,3.14049E+00
3.0720E-06,1.325618E+00,1.93734E+00
3.0816E-06,1.368259E+00,8.65410E-01
3.0912E-06,1.383571E+00,3.86436E-01
3.1008E-06,1.353351E+00,1.40464E-01
3.1104E-06,1.362720E+00,6.05084E-02
3.1200E-06,1.352863E+00,1.48846E-02
3.1296E-06,1.347606E+00,-2.24994E-02
3.1392E-06,1.352702E+00,-3.54694E-02
3.1488E-06,1.359546E+00,-3.88263E-02
3.1584E-06,1.369479E+00,-3.88263E-02
3.1680E-06,1.366183E+00,-4.20306E-02
3.1776E-06,1.384349E+00,-3.22650E-02
3.1872E-06,1.407687E+00,-4.12677E-02
3.1968E-06,1.387157E+00,-3.39435E-02
3.2064E-06,1.406871E+00,-4.61505E-02
3.2160E-06,1.395343E+00,-2.81451E-02
3.2256E-06,1.398318E+00,-2.49408E-02
3.2352E-06,1.393062E+00,-2.90607E-02
3.2448E-06,1.388827E+00,-2.41779E-02
3.2544E-06,1.374942E+00,-3.30280E-02
3.2640E-06,1.373431E+00,-1.76166E-02
3.2736E-06,1.356731E+00,-2.57037E-02
3.2832E-06,1.358279E+00,-2.66193E-02
3.2928E-06,1.349605E+00,-3.80634E-02
3.3024E-06,1.331355E+00,-2.57037E-02
3.3120E-06,1.332172E+00,-3.05865E-02
3.3216E-06,1.306430E+00,-1.76166E-02
3.3312E-06,1.299510E+00,-2.08209E-02
3.3408E-06,1.295352E+00,-2.57037E-02
3.3504E-06,1.279468E+00,-1.76166E-02
3.3600E-06,1.280688E+00,-1.34967E-02
3.3696E-06,1.265048E+00,-2.66193E-02
3.3792E-06,1.258083E+00,-1.59381E-02
3.3888E-06,1.260326E+00,-2.08209E-02
3.3984E-06,1.246234E+00,-2.66193E-02
3.4080E-06,1.245090E+00,-3.30280E-02
3.4176E-06,1.246638E+00,-2.90607E-02
3.4272E-06,1.230678E+00,-2.81451E-02
3.4368E-06,1.238818E+00,-1.83795E-02
3.4464E-06,1.243053E+00,-2.00580E-02
3.4560E-06,1.235278E+00,-1.51752E-02
3.4656E-06,1.246844E+00,-2.57037E-02
3.4752E-06,1.247539E+00,-2.98236E-02
3.4848E-06,1.251689E+00,-3.15021E-02
3.4944E-06,1.255191E+00,-3.05865E-02
3.5040E-06,1.261508E+00,-1.68536E-02
3.5136E-06,1.273929E+00,-2.90607E-02
3.5232E-06,1.278773E+00,-2.57037E-02
3.5328E-06,1.279872E+00,-2.66193E-02
3.5424E-06,1.293765E+00,-1.83795E-02
3.5520E-06,1.294460E+00,-1.68536E-02
3.5616E-06,1.310870E+00,-2.49408E-02
3.5712E-06,1.311526E+00,-4.12677E-02
3.5808E-06,1.322971E+00,-2.41779E-02
3.5904E-06,1.331317E+00,-2.49408E-02
3.6000E-06,1.334369E+00,-2.17365E-02
3.6096E-06,1.346797E+00,-3.05865E-02
3.6192E-06,1.358073E+00,-3.05865E-02
3.6288E-06,1.370868E+00,-3.05865E-02
3.6384E-06,1.361095E+00,-1.27338E-02
3.6480E-06,1.383289E+00,-2.24994E-02
3.6576E-06,1.379054E+00,-2.08209E-02
3.6672E-06,1.369319E+00,-1.27338E-02
3.6768E-06,1.405894E+00,-1.27338E-02
3.6864E-06,1.403735E+00,-2.41779E-02
3.6960E-06,1.377711E+00,-2.08209E-02
3.7056E-06,1.397624E+00,-1.59381E-02
3.7152E-06,1.388789E+00,-4.64661E-03
3.7248E-06,1.382228E+00,-2.49408E-02
3.7344E-06,1.375186E+00,-9.52942E-03
3.7440E-06,1.370135E+00,-1.44122E-02
3.7536E-06,1.355182E+00,-1.68536E-02
3.7632E-06,1.354495E+00,-1.68536E-02
3.7728E-06,1.331889E+00,-2.17365E-02
3.7824E-06,1.327777E+00,-1.76166E-02
3.7920E-06,1.322681E+00,-1.92950E-02
3.8016E-06,1.309650E+00,-2.00580E-02
3.8112E-06,1.301257E+00,-3.05865E-02
3.8208E-06,1.285663E+00,-1.10553E-02
3.8304E-06,1.272380E+00,-8.61389E-03
3.8400E-06,1.282199E+00,-3.22650E-02
3.8496E-06,1.259387E+00,-1.83795E-02
3.8592E-06,1.261302E+00,-5.40955E-03
3.8688E-06,1.252055E+00,-1.59381E-02
3.8784E-06,1.248920E+00,-1.10553E-02
3.8880E-06,1.250346E+00,-2.98236E-02
3.8976E-06,1.237758E+00,-8.61389E-03
3.9072E-06,1.242244E+00,-1.92950E-02
3.9168E-06,1.244113E+00,-1.83795E-02
3.9264E-06,1.235889E+00,-1.44122E-02
3.9360E-06,1.243426E+00,-2.66193E-02
3.9456E-06,1.247089E+00,-1.59381E-02
3.9552E-06,1.249210E+00,-1.92950E-02
3.9648E-06,1.267780E+00,-1.59381E-02
3.9744E-06,1.249004E+00,-2.98236E-02
3.9840E-06,1.267780E+00,-1.44122E-02
3.9936E-06,1.274295E+00,-3.54694E-02
4.0032E-06,1.267375E+00,-1.83795E-02
4.0128E-06,1.282649E+00,-2.41779E-02
4.0224E-06,1.279185E+00,-1.59381E-02
4.0320E-06,1.284114E+00,-2.08209E-02
4.0416E-06,1.300685E+00,-2.24994E-02
4.0512E-06,1.295718E+00,-2.81451E-02
4.0608E-06,1.308429E+00,-2.98236E-02
4.0704E-06,1.314738E+00,-2.24994E-02
4.0800E-06,1.322360E+00,-3.05865E-02
4.0896E-06,1.317432E+00,-2.66193E-02
4.0992E-06,1.324886E+00,-2.08209E-02
4.1088E-06,1.331561E+00,-2.66193E-02
4.1184E-06,1.340724E+00,-2.17365E-02
4.1280E-06,1.346385E+00,-3.47064E-02
4.1376E-06,1.358646E+00,-2.49408E-02
4.1472E-06,1.370052E+00,-1.27338E-02
4.1568E-06,1.378032E+00,-8.61389E-03
4.1664E-06,1.396892E+00,-2.32623E-02
4.1760E-06,1.376651E+00,-2.49408E-02
4.1856E-06,1.386424E+00,-5.40955E-03
4.1952E-06,1.397792E+00,-1.83795E-02
4.2048E-06,1.388133E+00,-1.83795E-02
4.2144E-06,1.404750E+00,-2.00580E-02
4.2240E-06,1.399783E+00,-1.34967E-02
4.2336E-06,1.404590E+00,-1.51752E-02
4.2432E-06,1.403491E+00,-1.68536E-02
4.2528E-06,1.399783E+00,-2.24994E-02
4.2624E-06,1.401088E+00,-1.34967E-02
4.2720E-06,1.404102E+00,-2.00580E-02
4.2816E-06,1.381740E+00,-1.92950E-02
4.2912E-06,1.390010E+00,-2.73822E-02
4.3008E-06,1.371883E+00,-2.66193E-02
4.3104E-06,1.369525E+00,-1.34967E-02
4.3200E-06,1.363208E+00,-1.92950E-02
4.3296E-06,1.351642E+00,-2.49408E-02
4.3392E-06,1.363086E+00,-4.61505E-02
4.3488E-06,1.346797E+00,-1.10553E-02
4.3584E-06,1.357425E+00,-2.49408E-02
4.3680E-06,1.345859E+00,-1.83795E-02
4.3776E-06,1.344920E+00,-1.34967E-02
4.3872E-06,1.344028E+00,-2.66193E-02
4.3968E-06,1.338855E+00,-1.68536E-02
4.4064E-06,1.336612E+00,-1.59381E-02
4.4160E-06,1.330379E+00,-1.19708E-02
4.4256E-06,1.321056E+00,-1.51752E-02
4.4352E-06,1.322032E+00,-1.44122E-02
4.4448E-06,1.309734E+00,-1.44122E-02
4.4544E-06,1.300731E+00,-2.00580E-02
4.4640E-06,1.302966E+00,-2.08209E-02
4.4736E-06,1.281467E+00,-1.44122E-02
4.4832E-06,1.284312E+00,-2.17365E-02
4.4928E-06,1.282520E+00,-2.49408E-02
4.5024E-06,1.267253E+00,1.91467E-03
4.5120E-06,1.275355E+00,-1.59381E-02
4.5216E-06,1.260936E+00,-1.83795E-02
4.5312E-06,1.249004E+00,-1.59381E-02
4.5408E-06,1.260242E+00,-2.49408E-02
4.5504E-06,1.246150E+00,-1.92950E-02
4.5600E-06,1.248798E+00,-1.34967E-02
4.5696E-06,1.242564E+00,-2.08209E-02
4.5792E-06,1.233813E+00,-2.32623E-02
4.5888E-06,1.243549E+00,-3.05865E-02
4.5984E-06,1.233730E+00,-1.59381E-02
4.6080E-06,1.236461E+00,-2.24994E-02
4.6176E-06,1.240405E+00,-2.08209E-02
4.6272E-06,1.229861E+00,-2.08209E-02
4.6368E-06,1.234790E+00,-5.40955E-03
4.6464E-06,1.242892E+00,-2.57037E-02
4.6560E-06,1.232959E+00,-2.49408E-02
4.6656E-06,1.241550E+00,-2.17365E-02
4.6752E-06,1.244319E+00,-5.40955E-03
4.6848E-06,1.246028E+00,-2.00580E-02
4.6944E-06,1.244769E+00,-1.76166E-02
4.7040E-06,1.249942E+00,-9.52942E-03
4.7136E-06,1.264316E+00,-2.17365E-02
4.7232E-06,1.255115E+00,-1.92950E-02
4.7328E-06,1.275150E+00,-1.76166E-02
4.7424E-06,1.272136E+00,-1.34967E-02
4.7520E-06,1.272052E+00,-2.00580E-02
4.7616E-06,1.289081E+00,-2.57037E-02
4.7712E-06,1.280688E+00,-2.32623E-02
4.7808E-06,1.282931E+00,-1.83795E-02
4.7904E-06,1.298778E+00,-1.59381E-02
4.8000E-06,1.291812E+00,-2.17365E-02
4.8096E-06,1.299098E+00,-2.08209E-02
4.8192E-06,1.308383E+00,-2.57037E-02
4.8288E-06,1.317874E+00,-2.66193E-02
4.8384E-06,1.314334E+00,-1.27338E-02
4.8480E-06,1.321948E+00,-2.08209E-02
4.8576E-06,1.326266E+00,-1.83795E-02
4.8672E-06,1.324229E+00,-1.34967E-02
4.8768E-06,1.344310E+00,-1.83795E-02
4.8864E-06,1.353275E+00,-3.95892E-02
4.8960E-06,1.334415E+00,-2.17365E-02
4.9056E-06,1.352702E+00,-2.32623E-02
4.9152E-06,1.365977E+00,-1.68536E-02
4.9248E-06,1.347446E+00,-1.83795E-02
4.9344E-06,1.366550E+00,-2.66193E-02
4.9440E-06,1.373149E+00,-2.32623E-02
4.9536E-06,1.363292E+00,-2.32623E-02
4.9632E-06,1.386180E+00,-2.90607E-02
4.9728E-06,1.372249E+00,-2.73822E-02
4.9824E-06,1.381412E+00,-1.76166E-02
4.9920E-06,1.388011E+00,-2.90607E-02
5.0016E-06,1.384349E+00,-1.27338E-02
5.0112E-06,1.389400E+00,-1.76166E-02
5.0208E-06,1.387202E+00,-5.40955E-03
5.0304E-06,1.385242E+00,-1.76166E-02
5.0400E-06,1.396320E+00,-2.32623E-02
5.0496E-06,1.384471E+00,-1.83795E-02
5.0592E-06,1.390704E+00,-2.32623E-02
5.0688E-06,1.392085E+00,-3.05865E-02
5.0784E-06,1.388705E+00,-1.68536E-02
5.0880E-06,1.380603E+00,-1.83795E-02
5.0976E-06,1.384143E+00,-2.57037E-02
5.1072E-06,1.381534E+00,-2.73822E-02
5.1168E-06,1.368381E+00,-1.34967E-02
5.1264E-06,1.386264E+00,-1.10553E-02
5.1360E-06,1.379337E+00,-2.49408E-02
5.1456E-06,1.359950E+00,-1.51752E-02
5.1552E-06,1.375919E+00,-1.83795E-02
5.1648E-06,1.360561E+00,-2.00580E-02
5.1744E-06,1.360110E+00,-2.00580E-02
5.1840E-06,1.350993E+00,-2.32623E-02
5.1936E-06,1.350993E+00,-1.27338E-02
5.2032E-06,1.339343E+00,-2.08209E-02
5.2128E-06,1.340770E+00,-1.68536E-02
5.2224E-06,1.322681E+00,-1.92950E-02
5.2320E-06,1.324718E+00,-2.08209E-02
5.2416E-06,1.317470E+00,-1.68536E-02
5.2512E-06,1.303088E+00,-1.76166E-02
5.2608E-06,1.300563E+00,-2.00580E-02
5.2704E-06,1.287250E+00,-1.59381E-02
5.2800E-06,1.283626E+00,-2.00580E-02
5.2896E-06,1.287692E+00,-2.57037E-02
5.2992E-06,1.265659E+00,-2.08209E-02
5.3088E-06,1.271487E+00,-1.44122E-02
5.3184E-06,1.265338E+00,-2.17365E-02
5.3280E-06,1.257922E+00,-2.32623E-02
5.3376E-06,1.251811E+00,-2.00580E-02
5.3472E-06,1.255801E+00,-1.27338E-02
5.3568E-06,1.249576E+00,-1.68536E-02
5.3664E-06,1.243137E+00,-1.92950E-02
5.3760E-06,1.253970E+00,-2.24994E-02
5.3856E-06,1.252956E+00,-1.83795E-02
5.3952E-06,1.242442E+00,-2.49408E-02
5.4048E-06,1.250674E+00,-1.68536E-02
5.4144E-06,1.242526E+00,-2.17365E-02
5.4240E-06,1.244113E+00,-1.10553E-02
5.4336E-06,1.240901E+00,-2.08209E-02
5.4432E-06,1.241756E+00,-1.51752E-02
5.4528E-06,1.237559E+00,-3.22650E-02
5.4624E-06,1.249454E+00,-2.00580E-02
5.4720E-06,1.236659E+00,-1.51752E-02
5.4816E-06,1.257350E+00,-2.66193E-02
5.4912E-06,1.245906E+00,-2.00580E-02
5.5008E-06,1.243426E+00,-1.59381E-02
5.5104E-06,1.256412E+00,-2.66193E-02
5.5200E-06,1.252750E+00,-2.00580E-02
5.5296E-06,1.257190E+00,-1.68536E-02
5.5392E-06,1.260898E+00,-9.52942E-03
5.5488E-06,1.262607E+00,-2.08209E-02
5.5584E-06,1.267451E+00,-1.44122E-02
5.5680E-06,1.269855E+00,-2.73822E-02
5.5776E-06,1.274089E+00,-1.83795E-02
5.5872E-06,1.287570E+00,-2.17365E-02
5.5968E-06,1.282115E+00,-1.76166E-02
5.6064E-06,1.294292E+00,-2.00580E-02
5.6160E-06,1.305049E+00,-2.08209E-02
5.6256E-06,1.299792E+00,-1.59381E-02
5.6352E-06,1.307735E+00,-9.52942E-03
5.6448E-06,1.319789E+00,-1.44122E-02
5.6544E-06,1.312541E+00,-1.83795E-02
5.6640E-06,1.324351E+00,-2.24994E-02
5.6736E-06,1.334697E+00,-1.34967E-02
5.6832E-06,1.333720E+00,-2.17365E-02
5.6928E-06,1.335551E+00,-2.66193E-02
5.7024E-06,1.338649E+00,-4.64661E-03
5.7120E-06,1.348628E+00,-1.59381E-02
5.7216E-06,1.346065E+00,-2.17365E-02
5.7312E-06,1.360034E+00,-2.32623E-02
5.7408E-06,1.356815E+00,-1.83795E-02
5.7504E-06,1.357669E+00,-6.17249E-03
5.7600E-06,1.369891E+00,-2.49408E-02
5.7696E-06,1.366512E+00,-1.34967E-02
5.7792E-06,1.378886E+00,-2.41779E-02
5.7888E-06,1.376117E+00,-1.68536E-02
5.7984E-06,1.379420E+00,-7.08801E-03
5.8080E-06,1.382030E+00,-9.52942E-03
5.8176E-06,1.377017E+00,-2.08209E-02
5.8272E-06,1.390826E+00,-9.52942E-03
5.8368E-06,1.402919E+00,-3.15021E-02
5.8464E-06,1.382640E+00,-1.27338E-02
5.8560E-06,1.394817E+00,-2.32623E-02
5.8656E-06,1.391925E+00,-2.08209E-02
5.8752E-06,1.391841E+00,-1.92950E-02
5.8848E-06,1.391391E+00,-2.49408E-02
5.8944E-06,1.385570E+00,-1.92950E-02
5.9040E-06,1.384181E+00,-8.61389E-03
5.9136E-06,1.390254E+00,-1.68536E-02
5.9232E-06,1.381824E+00,-2.17365E-02
5.9328E-06,1.382068E+00,-1.92950E-02
5.9424E-06,1.380923E+00,-2.66193E-02
5.9520E-06,1.367732E+00,-8.61389E-03
5.9616E-06,1.368953E+00,-1.68536E-02
5.9712E-06,1.347980E+00,-1.27338E-02
5.9808E-06,1.348544E+00,-1.68536E-02
5.9904E-06,1.344714E+00,-1.10553E-02
6.0000E-06,1.332706E+00,-2.08209E-02
6.0096E-06,1.330707E+00,-1.83795E-02
6.0192E-06,1.312785E+00,-1.02924E-02
6.0288E-06,1.311114E+00,-1.02924E-02
6.0384E-06,1.330913E+00,-2.98236E-02
6.0480E-06,1.303828E+00,-1.92950E-02
6.0576E-06,1.312137E+00,-1.27338E-02
6.0672E-06,1.302684E+00,-2.41779E-02
6.0768E-06,1.293437E+00,-1.44122E-02
6.0864E-06,1.287898E+00,-2.90607E-02
6.0960E-06,1.285373E+00,-4.64661E-03
6.1056E-06,1.282237E+00,-1.44122E-02
6.1152E-06,1.287372E+00,-1.68536E-02
6.1248E-06,1.276492E+00,-1.34967E-02
6.1344E-06,1.262241E+00,1.50230E-01
6.1440E-06,1.247417E+00,1.33706E+00
6.1536E-06,1.205623E+00,2.39526E+00
6.1632E-06,1.199435E+00,2.86111E+00
6.1728E-06,1.230388E+00,3.11700E+00
6.1824E-06,1.221263E+00,3.21389E+00
6.1920E-06,1.251651E+00,3.25372E+00
6.2016E-06,1.255359E+00,3.28469E+00
6.2112E-06,1.261264E+00,3.31170E+00
6.2208E-06,1.253848E+00,3.30025E+00
6.2304E-06,1.252422E+00,3.29858E+00
6.2400E-06,1.255481E+00,3.30758E+00
6.2496E-06,1.249210E+00,3.31414E+00
6.2592E-06,1.249332E+00,3.30514E+00
6.2688E-06,1.251369E+00,3.30178E+00
6.2784E-06,1.251247E+00,3.29934E+00
6.2880E-06,1.248515E+00,3.31078E+00
6.2976E-06,1.251773E+00,3.30102E+00
6.3072E-06,1.256984E+00,3.30834E+00
6.3168E-06,1.264728E+00,3.30025E+00
6.3264E-06,1.267780E+00,3.30834E+00
6.3360E-06,1.276736E+00,3.30346E+00
6.3456E-06,1.275966E+00,3.31078E+00
6.3552E-06,1.284518E+00,3.29613E+00
6.3648E-06,1.286151E+00,3.30514E+00
6.3744E-06,1.304195E+00,3.29781E+00
6.3840E-06,1.294986E+00,3.30590E+00
6.3936E-06,1.305537E+00,3.29781E+00
6.4032E-06,1.308063E+00,3.30025E+00
6.4128E-06,1.320850E+00,3.29858E+00
6.4224E-06,1.304393E+00,3.29201E+00
6.4320E-06,1.337588E+00,3.29781E+00
6.4416E-06,1.326350E+00,3.30178E+00
6.4512E-06,1.320201E+00,3.30270E+00
6.4608E-06,1.339832E+00,3.28149E+00
6.4704E-06,1.331844E+00,3.30682E+00
6.4800E-06,1.340770E+00,3.29125E+00
6.4896E-06,1.352580E+00,3.29858E+00
6.4992E-06,1.348178E+00,3.30178E+00
6.5088E-06,1.355922E+00,3.29293E+00
6.5184E-06,1.372417E+00,3.29613E+00
6.5280E-06,1.365085E+00,3.29049E+00
6.5376E-06,1.362109E+00,3.31658E+00
6.5472E-06,1.384753E+00,3.30178E+00
6.5568E-06,1.379459E+00,3.30590E+00
6.5664E-06,1.381862E+00,3.29201E+00
6.5760E-06,1.400638E+00,3.28393E+00
6.5856E-06,1.398845E+00,3.30102E+00
6.5952E-06,1.386302E+00,3.29781E+00
6.6048E-06,1.399501E+00,3.29201E+00
6.6144E-06,1.392619E+00,3.30682E+00
6.6240E-06,1.392291E+00,3.30514E+00
6.6336E-06,1.395587E+00,3.29049E+00
6.6432E-06,1.395755E+00,3.30590E+00
6.6528E-06,1.388011E+00,3.29934E+00
6.6624E-06,1.389400E+00,3.30758E+00
6.6720E-06,1.383571E+00,3.30270E+00
6.6816E-06,1.371928E+00,3.30834E+00
6.6912E-06,1.374408E+00,3.29446E+00
6.7008E-06,1.358447E+00,3.30590E+00
6.7104E-06,1.358936E+00,3.30590E+00
6.7200E-06,1.347484E+00,3.30102E+00
6.7296E-06,1.338649E+00,3.30178E+00
6.7392E-06,1.331805E+00,3.30346E+00
6.7488E-06,1.327449E+00,3.30178E+00
6.7584E-06,1.320445E+00,3.30178E+00
6.7680E-06,1.303661E+00,3.30270E+00
6.7776E-06,1.300937E+00,3.30926E+00
6.7872E-06,1.301135E+00,3.30514E+00
6.7968E-06,1.284602E+00,3.30178E+00
6.8064E-06,1.284236E+00,3.30682E+00
6.8160E-06,1.273235E+00,3.30270E+00
6.8256E-06,1.270389E+00,3.30514E+00
6.8352E-06,1.266635E+00,3.29858E+00
6.8448E-06,1.261340E+00,3.29858E+00
6.8544E-06,1.253482E+00,3.30926E+00
6.8640E-06,1.242854E+00,3.31078E+00
6.8736E-06,1.263499E+00,3.30102E+00
6.8832E-06,1.238124E+00,3.30422E+00
6.8928E-06,1.244281E+00,3.29293E+00
6.9024E-06,1.239062E+00,3.28637E+00
6.9120E-06,1.247127E+00,3.30514E+00
6.9216E-06,1.240283E+00,3.29446E+00
6.9312E-06,1.251895E+00,3.29125E+00
6.9408E-06,1.238620E+00,3.30926E+00
6.9504E-06,1.239719E+00,3.30025E+00
6.9600E-06,1.249454E+00,3.28881E+00
6.9696E-06,1.242000E+00,3.30270E+00
6.9792E-06,1.248553E+00,3.30178E+00
6.9888E-06,1.261302E+00,3.30102E+00
6.9984E-06,1.255435E+00,3.29858E+00
7.0080E-06,1.263827E+00,3.29858E+00
7.0176E-06,1.270831E+00,3.29125E+00
7.0272E-06,1.268672E+00,3.29446E+00
7.0368E-06,1.276782E+00,3.30590E+00
7.0464E-06,1.283092E+00,3.29934E+00
7.0560E-06,1.280978E+00,3.30025E+00
7.0656E-06,1.310786E+00,3.30025E+00
7.0752E-06,1.280978E+00,3.29537E+00
7.0848E-06,1.301791E+00,3.29781E+00
7.0944E-06,1.314861E+00,3.29369E+00
7.1040E-06,1.301501E+00,3.30590E+00
7.1136E-06,1.325656E+00,3.28225E+00
7.1232E-06,1.321216E+00,3.31002E+00
7.1328E-06,1.321178E+00,3.29934E+00
7.1424E-06,1.327975E+00,3.28805E+00
7.1520E-06,1.333354E+00,3.30270E+00
7.1616E-06,1.339542E+00,3.29201E+00
7.1712E-06,1.337672E+00,3.29049E+00
7.1808E-06,1.338443E+00,3.30590E+00
7.1904E-06,1.354777E+00,3.29446E+00
7.2000E-06,1.348300E+00,3.30270E+00
7.2096E-06,1.362880E+00,3.29690E+00
7.2192E-06,1.366183E+00,3.28713E+00
7.2288E-06,1.366512E+00,3.29369E+00
7.2384E-06,1.369037E+00,3.30178E+00
7.2480E-06,1.374492E+00,3.29537E+00
7.2576E-06,1.372539E+00,3.29369E+00
7.2672E-06,1.368953E+00,3.29201E+00
7.2768E-06,1.390376E+00,3.30102E+00
7.2864E-06,1.397548E+00,3.29293E+00
7.2960E-06,1.375468E+00,3.28713E+00
7.3056E-06,1.396320E+00,3.28805E+00
7.3152E-06,1.390048E+00,3.30025E+00
7.3248E-06,1.388988E+00,3.30178E+00
7.3344E-06,1.384837E+00,3.28561E+00
7.3440E-06,1.385936E+00,3.28881E+00
7.3536E-06,1.377467E+00,3.29537E+00
7.3632E-06,1.374980E+00,3.29125E+00
7.3728E-06,1.355182E+00,3.28805E+00
7.3824E-06,1.348834E+00,3.29369E+00
7.3920E-06,1.349811E+00,3.29049E+00
7.4016E-06,1.329974E+00,3.29858E+00
7.4112E-06,1.322276E+00,3.29049E+00
7.4208E-06,1.303828E+00,3.29125E+00
7.4304E-06,1.292255E+00,3.30270E+00
7.4400E-06,1.293559E+00,3.29293E+00
7.4496E-06,1.271121E+00,3.29781E+00
7.4592E-06,1.267818E+00,3.29858E+00
7.4688E-06,1.252994E+00,3.29293E+00
7.4784E-06,1.245296E+00,3.29934E+00
7.4880E-06,1.244197E+00,3.28149E+00
7.4976E-06,1.230716E+00,3.30178E+00
7.5072E-06,1.233035E+00,3.29369E+00
7.5168E-06,1.240977E+00,3.29858E+00
7.5264E-06,1.225749E+00,3.28957E+00
7.5360E-06,1.233203E+00,3.29690E+00
7.5456E-06,1.238742E+00,3.28713E+00
7.5552E-06,1.234462E+00,3.29858E+00
7.5648E-06,1.254420E+00,3.29201E+00
7.5744E-06,1.233813E+00,3.28805E+00
7.5840E-06,1.255115E+00,3.29201E+00
7.5936E-06,1.259105E+00,3.29369E+00
7.6032E-06,1.257106E+00,3.29934E+00
7.6128E-06,1.280978E+00,3.29446E+00
7.6224E-06,1.265338E+00,3.29049E+00
7.6320E-06,1.289691E+00,3.29858E+00
7.6416E-06,1.297267E+00,3.28881E+00
7.6512E-06,1.294337E+00,3.29934E+00
7.6608E-06,1.317065E+00,3.28316E+00
7.6704E-06,1.325778E+00,3.29613E+00
7.6800E-06,1.340686E+00,3.28805E+00
7.6896E-06,1.347812E+00,3.29781E+00
7.6992E-06,1.355350E+00,3.29537E+00
7.7088E-06,1.370502E+00,3.30025E+00
7.7184E-06,1.377422E+00,3.29613E+00
7.7280E-06,1.382106E+00,3.30178E+00
7.7376E-06,1.396197E+00,3.28713E+00
7.7472E-06,1.389232E+00,3.29613E+00
7.7568E-06,1.397624E+00,3.29537E+00
7.7664E-06,1.390010E+00,3.30270E+00
7.7760E-06,1.398112E+00,3.29125E+00
7.7856E-06,1.391879E+00,3.29613E+00
7.7952E-06,1.382960E+00,3.29293E+00
7.8048E-06,1.388377E+00,3.29049E+00
7.8144E-06,1.391559E+00,3.30514E+00
7.8240E-06,1.360278E+00,3.29690E+00
7.8336E-06,1.376483E+00,3.30590E+00
7.8432E-06,1.370784E+00,3.29858E+00
7.8528E-06,1.347530E+00,3.30025E+00
7.8624E-06,1.351604E+00,3.30102E+00
7.8720E-06,1.338977E+00,3.30926E+00
7.8816E-06,1.309489E+00,3.31414E+00
7.8912E-06,1.324680E+00,3.28316E+00
7.9008E-06,1.300403E+00,3.29934E+00
7.9104E-06,1.292461E+00,3.30178E+00
7.9200E-06,1.279140E+00,3.28713E+00
7.9296E-06,1.259471E+00,3.30514E+00
7.9392E-06,1.269283E+00,3.28561E+00
7.9488E-06,1.249576E+00,3.30682E+00
7.9584E-06,1.258166E+00,3.29781E+00
7.9680E-06,1.252017E+00,3.29125E+00
7.9776E-06,1.237842E+00,3.30102E+00
7.9872E-06,1.231692E+00,3.30682E+00
7.9968E-06,1.242488E+00,3.29858E+00
8.0064E-06,1.229983E+00,3.29781E+00
8.0160E-06,1.251323E+00,3.28805E+00
8.0256E-06,1.232585E+00,3.30025E+00
8.0352E-06,1.248676E+00,3.30102E+00
8.0448E-06,1.257106E+00,3.28881E+00
8.0544E-06,1.247943E+00,3.29613E+00
8.0640E-06,1.263217E+00,3.28637E+00
8.0736E-06,1.285541E+00,3.30422E+00
8.0832E-06,1.270709E+00,3.28957E+00
8.0928E-06,1.284763E+00,3.28561E+00
8.1024E-06,1.292339E+00,3.29293E+00
8.1120E-06,1.309978E+00,3.31002E+00
8.1216E-06,1.310016E+00,3.28316E+00
8.1312E-06,1.333194E+00,3.29201E+00
8.1408E-06,1.333804E+00,3.29446E+00
8.1504E-06,1.342555E+00,3.30682E+00
8.1600E-06,1.363452E+00,3.28316E+00
8.1696E-06,1.363414E+00,3.29934E+00
8.1792E-06,1.376529E+00,3.27416E+00
8.1888E-06,1.359424E+00,3.30514E+00
8.1984E-06,1.376323E+00,3.28316E+00
8.2080E-06,1.369685E+00,3.28561E+00
8.2176E-06,1.359096E+00,3.29781E+00
8.2272E-06,1.390414E+00,3.29293E+00
8.2368E-06,1.401736E+00,3.27340E+00
8.2464E-06,1.374492E+00,3.29781E+00
8.2560E-06,1.395549E+00,3.29049E+00
8.2656E-06,1.379382E+00,3.29613E+00
8.2752E-06,1.392940E+00,3.29446E+00
8.2848E-06,1.380763E+00,3.29537E+00
8.2944E-06,1.375262E+00,3.28393E+00
8.3040E-06,1.369441E+00,3.29293E+00
8.3136E-06,1.365245E+00,3.30346E+00
8.3232E-06,1.344554E+00,3.28881E+00
8.3328E-06,1.340892E+00,3.28957E+00
8.3424E-06,1.328586E+00,3.29934E+00
8.3520E-06,1.313396E+00,3.29125E+00
8.3616E-06,1.303210E+00,3.28881E+00
8.3712E-06,1.284434E+00,3.29537E+00
8.3808E-06,1.261958E+00,3.30758E+00
8.3904E-06,1.278697E+00,3.28637E+00
8.4000E-06,1.248599E+00,3.30102E+00
8.4096E-06,1.253764E+00,3.30178E+00
8.4192E-06,1.245868E+00,3.29201E+00
8.4288E-06,1.239597E+00,3.29369E+00
8.4384E-06,1.227580E+00,3.29369E+00
8.4480E-06,1.234302E+00,3.28469E+00
8.4576E-06,1.224643E+00,3.29201E+00
8.4672E-06,1.223422E+00,3.29613E+00
8.4768E-06,1.236621E+00,3.29537E+00
8.4864E-06,1.244479E+00,3.30025E+00
8.4960E-06,1.228473E+00,3.30270E+00
8.5056E-06,1.243220E+00,3.29049E+00
8.5152E-06,1.263057E+00,3.29934E+00
8.5248E-06,1.248798E+00,3.28957E+00
8.5344E-06,1.268390E+00,3.29201E+00
8.5440E-06,1.280933E+00,3.29369E+00
8.5536E-06,1.278209E+00,3.29201E+00
8.5632E-06,1.313724E+00,3.29201E+00
8.5728E-06,1.287372E+00,3.28881E+00
8.5824E-06,1.323337E+00,3.29201E+00
8.5920E-06,1.324886E+00,3.29201E+00
8.6016E-06,1.327121E+00,3.31002E+00
8.6112E-06,1.346263E+00,3.28149E+00
8.6208E-06,1.340892E+00,3.31078E+00
8.6304E-06,1.370418E+00,3.29125E+00
8.6400E-06,1.367770E+00,3.30178E+00
8.6496E-06,1.372661E+00,3.28637E+00
8.6592E-06,1.378032E+00,3.28713E+00
8.6688E-06,1.373431E+00,3.30514E+00
8.6784E-06,1.384181E+00,3.29537E+00
8.6880E-06,1.401981E+00,3.28561E+00
8.6976E-06,1.382274E+00,3.29293E+00
8.7072E-06,1.397670E+00,3.30346E+00
8.7168E-06,1.392574E+00,3.29293E+00
8.7264E-06,1.394817E+00,3.30514E+00
8.7360E-06,1.393390E+00,3.29446E+00
8.7456E-06,1.380725E+00,3.30178E+00
8.7552E-06,1.385936E+00,3.30178E+00
8.7648E-06,1.375430E+00,3.30590E+00
8.7744E-06,1.367122E+00,3.28805E+00
8.7840E-06,1.363170E+00,3.29781E+00
8.7936E-06,1.357829E+00,3.28957E+00
8.8032E-06,1.351360E+00,3.29934E+00
8.8128E-06,1.342685E+00,3.29537E+00
8.8224E-06,1.328509E+00,3.29690E+00
8.8320E-06,1.311565E+00,3.30682E+00
8.8416E-06,1.318652E+00,3.29690E+00
8.8512E-06,1.294460E+00,3.29781E+00
8.8608E-06,1.292010E+00,3.30102E+00
8.8704E-06,1.279346E+00,3.29049E+00
8.8800E-06,1.264362E+00,3.30758E+00
8.8896E-06,1.269405E+00,3.28316E+00
8.8992E-06,1.244685E+00,3.29369E+00
8.9088E-06,1.250102E+00,3.29858E+00
8.9184E-06,1.247005E+00,3.29201E+00
8.9280E-06,1.234546E+00,3.28469E+00
8.9376E-06,1.220164E+00,3.30102E+00
8.9472E-06,1.236743E+00,3.29613E+00
8.9568E-06,1.228801E+00,3.29369E+00
8.9664E-06,1.240695E+00,3.28713E+00
8.9760E-06,1.236377E+00,3.29537E+00
8.9856E-06,1.245258E+00,3.29934E+00
8.9952E-06,1.249332E+00,3.28469E+00
9.0048E-06,1.250957E+00,3.29690E+00
9.0144E-06,1.268108E+00,3.28393E+00
9.0240E-06,1.264804E+00,3.29446E+00
9.0336E-06,1.279346E+00,3.29690E+00
9.0432E-06,1.290263E+00,3.29369E+00
9.0528E-06,1.289447E+00,3.29446E+00
9.0624E-06,1.304073E+00,3.28469E+00
9.0720E-06,1.320399E+00,3.28393E+00
9.0816E-06,1.311443E+00,3.30178E+00
9.0912E-06,1.327121E+00,3.27904E+00
9.1008E-06,1.327243E+00,3.29293E+00
9.1104E-06,1.344272E+00,3.28393E+00
9.1200E-06,1.355876E+00,3.28561E+00
9.1296E-06,1.368343E+00,3.28713E+00
9.1392E-06,1.352740E+00,3.30422E+00
9.1488E-06,1.372981E+00,3.29201E+00
9.1584E-06,1.379008E+00,3.28957E+00
9.1680E-06,1.362964E+00,3.28713E+00
9.1776E-06,1.393428E+00,3.29934E+00
9.1872E-06,1.404590E+00,3.28469E+00
9.1968E-06,1.378322E+00,3.29781E+00
9.2064E-06,1.408382E+00,3.17315E+00
9.2160E-06,1.410251E+00,2.01394E+00
9.2256E-06,1.425281E+00,8.95469E-01
9.2352E-06,1.427768E+00,4.25499E-01
9.2448E-06,1.403613E+00,1.53434E-01
9.2544E-06,1.364391E+00,7.04266E-02
9.2640E-06,1.346957E+00,1.41217E-02
9.2736E-06,1.318080E+00,-2.08209E-02
9.2832E-06,1.292300E+00,-3.39435E-02
9.2928E-06,1.291644E+00,-4.20306E-02
9.3024E-06,1.278331E+00,-1.76166E-02
9.3120E-06,1.276370E+00,-3.71478E-02
9.3216E-06,1.267497E+00,-2.57037E-02
9.3312E-06,1.257472E+00,-3.05865E-02
9.3408E-06,1.259799E+00,-4.12677E-02
9.3504E-06,1.251651E+00,-1.19708E-02
9.3600E-06,1.252910E+00,-2.32623E-02
9.3696E-06,1.243671E+00,-4.78290E-02
9.3792E-06,1.232059E+00,-3.39435E-02
9.3888E-06,1.241954E+00,-3.30280E-02
9.3984E-06,1.225749E+00,-2.57037E-02
9.4080E-06,1.228557E+00,-3.30280E-02
9.4176E-06,1.230594E+00,-2.66193E-02
9.4272E-06,1.224361E+00,-2.98236E-02
9.4368E-06,1.236865E+00,-1.92950E-02
9.4464E-06,1.243426E+00,-2.57037E-02
9.4560E-06,1.243175E+00,-2.98236E-02
9.4656E-06,1.259959E+00,-2.98236E-02
9.4752E-06,1.260486E+00,-2.57037E-02
9.4848E-06,1.268878E+00,-2.90607E-02
9.4944E-06,1.280002E+00,-3.47064E-02
9.5040E-06,1.285457E+00,-1.76166E-02
9.5136E-06,1.307124E+00,-2.32623E-02
9.5232E-06,1.315066E+00,-2.81451E-02
9.5328E-06,1.323581E+00,-2.66193E-02
9.5424E-06,1.328387E+00,-2.57037E-02
9.5520E-06,1.336696E+00,-1.51752E-02
9.5616E-06,1.354289E+00,-2.32623E-02
9.5712E-06,1.343417E+00,-3.39435E-02
9.5808E-06,1.386020E+00,-3.47064E-02
9.5904E-06,1.368747E+00,-1.92950E-02
9.6000E-06,1.378848E+00,-2.41779E-02
9.6096E-06,1.388095E+00,-3.15021E-02
9.6192E-06,1.370822E+00,-1.68536E-02
9.6288E-06,1.383739E+00,-1.92950E-02
9.6384E-06,1.407397E+00,-3.22650E-02
9.6480E-06,1.375507E+00,-1.59381E-02
9.6576E-06,1.389972E+00,-2.49408E-02
9.6672E-06,1.385287E+00,-2.41779E-02
9.6768E-06,1.393352E+00,-1.34967E-02
9.6864E-06,1.393062E+00,-3.47064E-02
9.6960E-06,1.377872E+00,-1.44122E-02
9.7056E-06,1.376567E+00,-2.73822E-02
9.7152E-06,1.357997E+00,-1.59381E-02
9.7248E-06,1.370135E+00,-2.49408E-02
9.7344E-06,1.347858E+00,-2.98236E-02
9.7440E-06,1.333965E+00,-2.32623E-02
9.7536E-06,1.332950E+00,-2.49408E-02
9.7632E-06,1.326022E+00,-2.24994E-02
9.7728E-06,1.300403E+00,-3.22650E-02
9.7824E-06,1.305492E+00,-2.98236E-02
9.7920E-06,1.299426E+00,-2.32623E-02
9.8016E-06,1.280978E+00,-1.59381E-02
9.8112E-06,1.285175E+00,-3.63849E-02
9.8208E-06,1.263057E+00,-1.51752E-02
9.8304E-06,1.268352E+00,-2.66193E-02
9.8400E-06,1.268756E+00,-1.92950E-02
9.8496E-06,1.251735E+00,-2.32623E-02
9.8592E-06,1.252017E+00,-3.15021E-02
9.8688E-06,1.242404E+00,-1.34967E-02
9.8784E-06,1.243831E+00,-4.64661E-03
9.8880E-06,1.252261E+00,-3.39435E-02
9.8976E-06,1.233401E+00,-9.52942E-03
9.9072E-06,1.243915E+00,-1.76166E-02
9.9168E-06,1.246761E+00,-2.24994E-02
9.9264E-06,1.239917E+00,-2.98236E-02
9.9360E-06,1.241878E+00,-2.08209E-02
9.9456E-06,1.250102E+00,-1.92950E-02
9.9552E-06,1.247333E+00,-1.51752E-02
9.9648E-06,1.254260E+00,-3.15021E-02
9.9744E-06,1.254947E+00,-2.66193E-02
9.9840E-06,1.262607E+00,-1.83795E-02
9.9936E-06,1.265254E+00,-2.17365E-02
1.0003E-05,1.268596E+00,-2.90607E-02
1.0013E-05,1.274707E+00,-2.66193E-02
1.0022E-05,1.274051E+00,-2.17365E-02
1.0032E-05,1.282153E+00,-2.49408E-02
1.0042E-05,1.285739E+00,-1.92950E-02
1.0051E-05,1.280894E+00,-2.32623E-02
1.0061E-05,1.295268E+00,-2.73822E-02
1.0070E-05,1.288798E+00,-5.40955E-03
1.0080E-05,1.312663E+00,-3.15021E-02
1.0090E-05,1.306476E+00,-1.34967E-02
1.0099E-05,1.303661E+00,-1.59381E-02
1.0109E-05,1.316898E+00,-1.83795E-02
1.0118E-05,1.319469E+00,-1.19708E-02
1.0128E-05,1.321948E+00,-1.83795E-02
1.0138E-05,1.334941E+00,-3.39435E-02
1.0147E-05,1.330302E+00,-1.68536E-02
1.0157E-05,1.339870E+00,-1.59381E-02
1.0166E-05,1.351848E+00,-2.49408E-02
1.0176E-05,1.341701E+00,-2.17365E-02
1.0186E-05,1.352008E+00,-2.08209E-02
1.0195E-05,1.359462E+00,-1.83795E-02
1.0205E-05,1.354861E+00,-1.83795E-02
1.0214E-05,1.365649E+00,-2.66193E-02
1.0224E-05,1.366794E+00,-1.59381E-02
1.0234E-05,1.373798E+00,-2.32623E-02
1.0243E-05,1.374896E+00,-1.83795E-02
1.0253E-05,1.375308E+00,-3.22650E-02
1.0262E-05,1.384181E+00,-2.81451E-02
1.0272E-05,1.374004E+00,-1.34967E-02
1.0282E-05,1.392741E+00,-2.17365E-02
1.0291E-05,1.383655E+00,-1.59381E-02
1.0301E-05,1.379947E+00,-1.34967E-02
1.0310E-05,1.393024E+00,-2.24994E-02
1.0320E-05,1.386218E+00,-1.19708E-02
1.0330E-05,1.379008E+00,-1.27338E-02
1.0339E-05,1.394366E+00,-3.47064E-02
1.0349E-05,1.380359E+00,-2.24994E-02
1.0358E-05,1.385532E+00,-1.34967E-02
1.0368E-05,1.378764E+00,-2.00580E-02
1.0378E-05,1.372859E+00,-1.83795E-02
1.0387E-05,1.378764E+00,-2.24994E-02
1.0397E-05,1.372173E+00,-1.92950E-02
1.0406E-05,1.375064E+00,-2.00580E-02
1.0416E-05,1.356731E+00,-1.10553E-02
1.0426E-05,1.368259E+00,-2.08209E-02
1.0435E-05,1.359950E+00,-2.49408E-02
1.0445E-05,1.346873E+00,-2.81451E-02
1.0454E-05,1.347240E+00,-2.73822E-02
1.0464E-05,1.347568E+00,-1.76166E-02
1.0474E-05,1.321216E+00,-1.76166E-02
1.0483E-05,1.338161E+00,-2.49408E-02
1.0493E-05,1.328708E+00,-2.41779E-02
1.0502E-05,1.307857E+00,-1.27338E-02
1.0512E-05,1.320323E+00,-2.17365E-02
1.0522E-05,1.291324E+00,-5.40955E-03
1.0531E-05,1.295802E+00,-1.83795E-02
1.0541E-05,1.293849E+00,-2.41779E-02
1.0550E-05,1.282115E+00,-1.19708E-02
1.0560E-05,1.284434E+00,-1.34967E-02
1.0570E-05,1.264033E+00,-1.68536E-02
1.0579E-05,1.258166E+00,7.56042E-03
1.0589E-05,1.279506E+00,-2.73822E-02
1.0598E-05,1.250995E+00,-1.02924E-02
1.0608E-05,1.258083E+00,-1.68536E-02
1.0618E-05,1.247859E+00,-2.32623E-02
1.0627E-05,1.245746E+00,-1.44122E-02
1.0637E-05,1.249126E+00,-2.41779E-02
1.0646E-05,1.243014E+00,-1.02924E-02
1.0656E-05,1.239108E+00,-1.83795E-02
1.0666E-05,1.232875E+00,-1.92950E-02
1.0675E-05,1.240695E+00,-1.51752E-02
1.0685E-05,1.237559E+00,-2.08209E-02
1.0694E-05,1.230960E+00,-1.34967E-02
1.0704E-05,1.235400E+00,-1.76166E-02
1.0714E-05,1.244968E+00,-1.51752E-02
1.0723E-05,1.242038E+00,-1.19708E-02
1.0733E-05,1.250957E+00,-2.08209E-02
1.0742E-05,1.250102E+00,-1.51752E-02
1.0752E-05,1.246638E+00,-1.34967E-02
1.0762E-05,1.261508E+00,-2.17365E-02
1.0771E-05,1.246516E+00,-3.22650E-02
1.0781E-05,1.268062E+00,-1.68536E-02
1.0790E-05,1.263461E+00,-1.34967E-02
1.0800E-05,1.269572E+00,-1.34967E-02
1.0810E-05,1.278651E+00,-1.76166E-02
1.0819E-05,1.274661E+00,-1.27338E-02
1.0829E-05,1.286639E+00,-2.32623E-02
1.0838E-05,1.288310E+00,-1.02924E-02
1.0848E-05,1.287944E+00,-2.32623E-02
1.0858E-05,1.291278E+00,-2.57037E-02
1.0867E-05,1.285091E+00,-2.00580E-02
1.0877E-05,1.316005E+00,-6.17249E-03
1.0886E-05,1.318530E+00,-2.98236E-02
1.0896E-05,1.299304E+00,-1.76166E-02
1.0906E-05,1.321216E+00,-2.00580E-02
1.0915E-05,1.346957E+00,-1.44122E-02
1.0925E-05,1.301135E+00,-2.57037E-02
1.0934E-05,1.332706E+00,-1.92950E-02
1.0944E-05,1.355350E+00,-2.98236E-02
1.0954E-05,1.332050E+00,-9.52942E-03
1.0963E-05,1.361339E+00,-2.98236E-02
1.0973E-05,1.359340E+00,-1.68536E-02
1.0982E-05,1.344226E+00,-1.44122E-02
1.0992E-05,1.359668E+00,-2.08209E-02
1.1002E-05,1.361743E+00,-2.66193E-02
1.1011E-05,1.359668E+00,-8.61389E-03
1.1021E-05,1.363574E+00,-1.83795E-02
1.1030E-05,1.378078E+00,-1.59381E-02
1.1040E-05,1.374774E+00,-1.34967E-02
1.1050E-05,1.372333E+00,-1.19708E-02
1.1059E-05,1.380191E+00,-2.17365E-02
1.1069E-05,1.383983E+00,-1.27338E-02
1.1078E-05,1.398318E+00,-1.76166E-02
1.1088E-05,1.401904E+00,-2.00580E-02
1.1098E-05,1.384837E+00,-1.34967E-02
1.1107E-05,1.374210E+00,-2.08209E-02
1.1117E-05,1.379504E+00,-1.83795E-02
1.1126E-05,1.382396E+00,-7.08801E-03
1.1136E-05,1.401004E+00,-1.59381E-02
1.1146E-05,1.393230E+00,-1.92950E-02
1.1155E-05,1.379909E+00,-2.57037E-02
1.1165E-05,1.363292E+00,-1.34967E-02
1.1174E-05,1.371722E+00,-1.76166E-02
1.1184E-05,1.368297E+00,-1.51752E-02
1.1194E-05,1.372089E+00,-1.68536E-02
1.1203E-05,1.371310E+00,-2.49408E-02
1.1213E-05,1.363742E+00,-1.68536E-02
1.1222E-05,1.359340E+00,-1.59381E-02
1.1232E-05,1.360034E+00,-8.61389E-03
1.1242E-05,1.364307E+00,-2.24994E-02
1.1251E-05,1.340564E+00,-3.05865E-02
1.1261E-05,1.338077E+00,-2.08209E-02
1.1270E-05,1.331195E+00,-1.02924E-02
1.1280E-05,1.331645E+00,-1.10553E-02
1.1290E-05,1.339099E+00,-1.44122E-02
1.1299E-05,1.320888E+00,-1.83795E-02
1.1309E-05,1.316043E+00,-3.22650E-02
1.1318E-05,1.298038E+00,-2.08209E-02
1.1328E-05,1.293925E+00,-1.76166E-02
1.1338E-05,1.298976E+00,-2.49408E-02
1.1347E-05,1.287692E+00,-2.49408E-02
1.1357E-05,1.289897E+00,-2.08209E-02
1.1366E-05,1.275073E+00,-2.49408E-02
1.1376E-05,1.273235E+00,-2.17365E-02
1.1386E-05,1.269817E+00,-2.73822E-02
1.1395E-05,1.265170E+00,-1.44122E-02
1.1405E-05,1.262691E+00,-1.51752E-02
1.1414E-05,1.254260E+00,-1.68536E-02
1.1424E-05,1.254909E+00,-1.59381E-02
1.1434E-05,1.253810E+00,-1.76166E-02
1.1443E-05,1.256213E+00,-1.92950E-02
1.1453E-05,1.249820E+00,-1.51752E-02
1.1462E-05,1.251979E+00,-2.73822E-02
1.1472E-05,1.241916E+00,-1.59381E-02
1.1482E-05,1.241832E+00,-2.41779E-02
1.1491E-05,1.244685E+00,-2.24994E-02
1.1501E-05,1.238902E+00,-2.00580E-02
1.1510E-05,1.249652E+00,-2.90607E-02
1.1520E-05,1.244563E+00,-2.73822E-02
1.1530E-05,1.256580E+00,-2.98236E-02
1.1539E-05,1.240977E+00,-1.19708E-02
1.1549E-05,1.255725E+00,-8.61389E-03
1.1558E-05,1.255679E+00,-2.57037E-02
1.1568E-05,1.255275E+00,-2.32623E-02
1.1578E-05,1.257274E+00,-3.15021E-02
1.1587E-05,1.263988E+00,-1.19708E-02
1.1597E-05,1.268512E+00,-3.15021E-02
1.1606E-05,1.270389E+00,-2.49408E-02
1.1616E-05,1.278125E+00,-2.32623E-02
1.1626E-05,1.275928E+00,-2.08209E-02
1.1635E-05,1.283992E+00,-2.17365E-02
1.1645E-05,1.283504E+00,-2.81451E-02
1.1654E-05,1.283946E+00,-2.73822E-02
1.1664E-05,1.291118E+00,-2.24994E-02
1.1674E-05,1.305087E+00,-2.57037E-02
1.1683E-05,1.300403E+00,-2.41779E-02
1.1693E-05,1.304927E+00,-2.81451E-02
1.1702E-05,1.307735E+00,-2.08209E-02
1.1712E-05,1.319995E+00,-1.59381E-02
1.1722E-05,1.318729E+00,-1.92950E-02
1.1731E-05,1.332011E+00,-2.73822E-02
1.1741E-05,1.332339E+00,-1.68536E-02
1.1750E-05,1.334697E+00,-9.52942E-03
1.1760E-05,1.351604E+00,-2.41779E-02
1.1770E-05,1.346187E+00,-2.57037E-02
1.1779E-05,1.343738E+00,-3.73108E-03
1.1789E-05,1.367564E+00,-2.90607E-02
1.1798E-05,1.349116E+00,-1.92950E-02
1.1808E-05,1.361011E+00,-3.30280E-02
1.1818E-05,1.371722E+00,-3.15021E-02
1.1827E-05,1.363986E+00,-2.57037E-02
1.1837E-05,1.370502E+00,-1.44122E-02
1.1846E-05,1.382800E+00,-1.92950E-02
1.1856E-05,1.373065E+00,-2.32623E-02
1.1866E-05,1.393474E+00,-2.57037E-02
1.1875E-05,1.377055E+00,-1.92950E-02
1.1885E-05,1.382396E+00,-1.92950E-02
1.1894E-05,1.390292E+00,-1.68536E-02
1.1904E-05,1.381168E+00,-6.17249E-03
1.1914E-05,1.390987E+00,-2.49408E-02
1.1923E-05,1.405650E+00,-1.59381E-02
1.1933E-05,1.384105E+00,-2.00580E-02
1.1942E-05,1.391719E+00,-2.32623E-02
1.1952E-05,1.391391E+00,-3.05865E-02
1.1962E-05,1.385532E+00,-8.61389E-03
1.1971E-05,1.380359E+00,-2.98236E-02
1.1981E-05,1.372295E+00,-8.61389E-03
1.1990E-05,1.377628E+00,-1.76166E-02
1.2000E-05,1.367732E+00,-1.92950E-02
1.2010E-05,1.372943E+00,-1.83795E-02
1.2019E-05,1.372943E+00,-1.83795E-02
1.2029E-05,1.361339E+00,-1.34967E-02
