-1.2000E-05,1.248676E+00,-2.00580E-02
-1.1990E-05,1.237559E+00,-1.44122E-02
-1.1981E-05,1.255679E+00,-2.08209E-02
-1.1971E-05,1.244235E+00,-2.00580E-02
-1.1962E-05,1.259021E+00,-2.08209E-02
-1.1952E-05,1.256412E+00,-2.08209E-02
-1.1942E-05,1.255359E+00,-2.00580E-02
-1.1933E-05,1.265170E+00,-1.92950E-02
-1.1923E-05,1.263057E+00,-7.85095E-03
-1.1914E-05,1.271732E+00,-2.98236E-02
-1.1904E-05,1.273723E+00,-2.73822E-02
-1.1894E-05,1.270343E+00,-2.08209E-02
-1.1885E-05,1.285907E+00,-2.81451E-02
-1.1875E-05,1.281177E+00,-1.92950E-02
-1.1866E-05,1.288066E+00,-2.57037E-02
-1.1856E-05,1.296779E+00,-1.92950E-02
-1.1846E-05,1.294093E+00,-1.10553E-02
-1.1837E-05,1.310870E+00,-2.24994E-02
-1.1827E-05,1.311282E+00,-1.92950E-02
-1.1818E-05,1.309405E+00,-2.08209E-02
-1.1808E-05,1.331477E+00,-2.81451E-02
-1.1798E-05,1.319141E+00,-1.92950E-02
-1.1789E-05,1.333682E+00,-1.92950E-02
-1.1779E-05,1.348056E+00,-1.68536E-02
-1.1770E-05,1.325252E+00,-2.17365E-02
-1.1760E-05,1.342357E+00,-1.76166E-02
-1.1750E-05,1.358890E+00,-2.57037E-02
-1.1741E-05,1.344066E+00,-1.76166E-02
-1.1731E-05,1.365611E+00,-2.57037E-02
-1.1722E-05,1.349116E+00,-2.08209E-02
-1.1712E-05,1.362392E+00,-1.76166E-02
-1.1702E-05,1.368297E+00,-2.41779E-02
-1.1693E-05,1.361949E+00,-1.92950E-02
-1.1683E-05,1.372539E+00,-1.76166E-02
-1.1674E-05,1.375590E+00,-2.41779E-02
-1.1664E-05,1.362804E+00,-1.68536E-02
-1.1654E-05,1.376285E+00,-2.73822E-02
-1.1645E-05,1.374370E+00,-1.83795E-02
-1.1635E-05,1.375102E+00,-1.44122E-02
-1.1626E-05,1.370296E+00,-2.90607E-02
-1.1616E-05,1.364185E+00,-1.10553E-02
-1.1606E-05,1.371356E+00,-2.00580E-02
-1.1597E-05,1.363940E+00,-1.68536E-02
-1.1587E-05,1.369479E+00,-2.00580E-02
-1.1578E-05,1.361659E+00,-2.73822E-02
-1.1568E-05,1.360194E+00,-1.51752E-02
-1.1558E-05,1.362231E+00,-1.19708E-02
-1.1549E-05,1.353275E+00,-1.76166E-02
-1.1539E-05,1.350581E+00,-2.00580E-02
-1.1530E-05,1.346553E+00,-2.08209E-02
-1.1520E-05,1.346553E+00,-8.61389E-03
-1.1510E-05,1.345248E+00,-2.17365E-02
-1.1501E-05,1.336818E+00,-2.08209E-02
-1.1491E-05,1.325816E+00,-2.81451E-02
-1.1482E-05,1.324107E+00,-2.98236E-02
-1.1472E-05,1.309650E+00,-2.32623E-02
-1.1462E-05,1.301547E+00,-2.73822E-02
-1.1453E-05,1.295314E+00,-2.49408E-02
-1.1443E-05,1.285579E+00,-2.41779E-02
-1.1434E-05,1.287410E+00,-2.49408E-02
-1.1424E-05,1.281711E+00,-1.19708E-02
-1.1414E-05,1.260120E+00,-2.17365E-02
-1.1405E-05,1.277393E+00,-2.49408E-02
-1.1395E-05,1.259471E+00,-1.59381E-02
-1.1386E-05,1.259143E+00,-2.08209E-02
-1.1376E-05,1.250629E+00,-1.92950E-02
-1.1366E-05,1.249210E+00,-1.59381E-02
-1.1357E-05,1.245990E+00,-2.24994E-02
-1.1347E-05,1.239108E+00,-1.68536E-02
-1.1338E-05,1.239795E+00,-2.66193E-02
-1.1328E-05,1.226237E+00,-2.32623E-02
-1.1318E-05,1.229373E+00,-1.02924E-02
-1.1309E-05,1.232631E+00,-2.41779E-02
-1.1299E-05,1.220653E+00,-2.49408E-02
-1.1290E-05,1.227618E+00,-1.76166E-02
-1.1280E-05,1.230960E+00,-1.34967E-02
-1.1270E-05,1.226436E+00,-9.52942E-03
-1.1261E-05,1.229449E+00,-2.66193E-02
-1.1251E-05,1.227046E+00,-1.34967E-02
-1.1242E-05,1.228519E+00,-2.41779E-02
-1.1232E-05,1.242000E+00,-2.00580E-02
-1.1222E-05,1.216052E+00,-1.10553E-02
-1.1213E-05,1.240367E+00,-1.68536E-02
-1.1203E-05,1.245578E+00,-1.68536E-02
-1.1194E-05,1.237392E+00,-2.24994E-02
-1.1184E-05,1.253932E+00,-2.57037E-02
-1.1174E-05,1.248920E+00,-2.41779E-02
-1.1165E-05,1.245784E+00,-1.76166E-02
-1.1155E-05,1.261264E+00,-2.17365E-02
-1.1146E-05,1.252544E+00,-1.34967E-02
-1.1136E-05,1.257762E+00,-3.15021E-02
-1.1126E-05,1.264156E+00,-2.08209E-02
-1.1117E-05,1.270343E+00,-1.44122E-02
-1.1107E-05,1.274455E+00,-1.51752E-02
-1.1098E-05,1.276454E+00,-2.17365E-02
-1.1088E-05,1.283298E+00,-2.41779E-02
-1.1078E-05,1.290218E+00,-1.59381E-02
-1.1069E-05,1.296535E+00,-3.15021E-02
-1.1059E-05,1.295390E+00,-2.98236E-02
-1.1050E-05,1.296573E+00,-6.17249E-03
-1.1040E-05,1.306598E+00,-2.73822E-02
-1.1030E-05,1.319713E+00,-1.83795E-02
-1.1021E-05,1.311076E+00,-1.83795E-02
-1.1011E-05,1.323703E+00,-1.83795E-02
-1.1002E-05,1.328914E+00,-1.27338E-02
-1.0992E-05,1.324107E+00,-1.59381E-02
-1.0982E-05,1.335391E+00,-2.98236E-02
-1.0973E-05,1.342761E+00,-1.51752E-02
-1.0963E-05,1.338809E+00,-2.17365E-02
-1.0954E-05,1.346835E+00,-2.41779E-02
-1.0944E-05,1.347980E+00,-2.00580E-02
-1.0934E-05,1.352458E+00,-1.59381E-02
-1.0925E-05,1.348018E+00,-2.08209E-02
-1.0915E-05,1.370334E+00,-2.57037E-02
-1.0906E-05,1.355182E+00,-1.92950E-02
-1.0896E-05,1.351154E+00,-2.08209E-02
-1.0886E-05,1.364230E+00,-2.00580E-02
-1.0877E-05,1.361171E+00,-1.68536E-02
-1.0867E-05,1.365817E+00,-2.41779E-02
-1.0858E-05,1.372127E+00,-2.73822E-02
-1.0848E-05,1.365283E+00,-1.92950E-02
-1.0838E-05,1.369769E+00,-1.59381E-02
-1.0829E-05,1.363696E+00,-1.51752E-02
-1.0819E-05,1.369281E+00,-2.17365E-02
-1.0810E-05,1.373836E+00,-1.83795E-02
-1.0800E-05,1.362926E+00,-7.85095E-03
-1.0790E-05,1.374332E+00,-2.81451E-02
-1.0781E-05,1.358890E+00,-2.49408E-02
-1.0771E-05,1.373470E+00,-2.17365E-02
-1.0762E-05,1.360233E+00,-1.83795E-02
-1.0752E-05,1.355876E+00,-2.73822E-02
-1.0742E-05,1.347774E+00,-3.15021E-02
-1.0733E-05,1.351360E+00,-1.68536E-02
-1.0723E-05,1.328548E+00,-2.98236E-02
-1.0714E-05,1.340404E+00,-1.59381E-02
-1.0704E-05,1.334903E+00,-1.51752E-02
-1.0694E-05,1.316821E+00,-2.17365E-02
-1.0685E-05,1.326549E+00,-2.08209E-02
-1.0675E-05,1.313640E+00,-1.02924E-02
-1.0666E-05,1.296497E+00,-2.49408E-02
-1.0656E-05,1.305171E+00,-2.00580E-02
-1.0646E-05,1.291690E+00,-1.02924E-02
-1.0637E-05,1.290591E+00,-1.68536E-02
-1.0627E-05,1.282275E+00,-3.05865E-02
-1.0618E-05,1.276576E+00,-2.81451E-02
-1.0608E-05,1.267696E+00,-2.08209E-02
-1.0598E-05,1.267253E+00,-1.44122E-02
-1.0589E-05,1.260654E+00,-2.81451E-02
-1.0579E-05,1.257472E+00,-2.41779E-02
-1.0570E-05,1.253360E+00,-1.68536E-02
-1.0560E-05,1.252711E+00,-2.08209E-02
-1.0550E-05,1.251323E+00,-1.83795E-02
-1.0541E-05,1.246234E+00,-1.83795E-02
-1.0531E-05,1.240207E+00,-2.57037E-02
-1.0522E-05,1.248027E+00,-1.44122E-02
-1.0512E-05,1.237147E+00,-2.32623E-02
-1.0502E-05,1.230266E+00,-2.98236E-02
-1.0493E-05,1.230838E+00,-2.00580E-02
-1.0483E-05,1.229083E+00,-2.08209E-02
-1.0474E-05,1.237109E+00,-1.92950E-02
-1.0464E-05,1.221347E+00,-1.34967E-02
-1.0454E-05,1.230556E+00,-2.90607E-02
-1.0445E-05,1.222408E+00,-2.17365E-02
-1.0435E-05,1.233241E+00,-7.08801E-03
-1.0426E-05,1.226680E+00,-2.66193E-02
-1.0416E-05,1.235889E+00,-2.24994E-02
-1.0406E-05,1.234462E+00,-8.61389E-03
-1.0397E-05,1.238376E+00,-9.52942E-03
-1.0387E-05,1.248553E+00,-2.08209E-02
-1.0378E-05,1.251117E+00,-9.52942E-03
-1.0368E-05,1.248637E+00,-2.32623E-02
-1.0358E-05,1.257518E+00,-1.27338E-02
-1.0349E-05,1.258571E+00,-1.76166E-02
-1.0339E-05,1.256412E+00,-1.76166E-02
-1.0330E-05,1.260898E+00,-2.17365E-02
-1.0320E-05,1.277431E+00,-1.76166E-02
-1.0310E-05,1.278003E+00,-2.24994E-02
-1.0301E-05,1.267413E+00,-2.49408E-02
-1.0291E-05,1.280772E+00,-2.73822E-02
-1.0282E-05,1.295192E+00,-2.00580E-02
-1.0272E-05,1.281055E+00,-2.81451E-02
-1.0262E-05,1.294131E+00,-1.76166E-02
-1.0253E-05,1.305942E+00,-2.00580E-02
-1.0243E-05,1.299182E+00,-9.52942E-03
-1.0234E-05,1.320644E+00,-1.83795E-02
-1.0224E-05,1.317874E+00,-1.76166E-02
-1.0214E-05,1.318362E+00,-1.34967E-02
-1.0205E-05,1.326671E+00,-2.32623E-02
-1.0195E-05,1.326633E+00,-1.83795E-02
-1.0186E-05,1.329814E+00,-3.39435E-02
-1.0176E-05,1.330913E+00,-1.59381E-02
-1.0166E-05,1.333148E+00,-3.05865E-02
-1.0157E-05,1.342029E+00,-2.17365E-02
-1.0147E-05,1.343700E+00,-1.34967E-02
-1.0138E-05,1.347652E+00,-1.51752E-02
-1.0128E-05,1.361293E+00,-2.81451E-02
-1.0118E-05,1.357829E+00,-2.73822E-02
-1.0109E-05,1.353961E+00,-9.52942E-03
-1.0099E-05,1.367122E+00,-2.32623E-02
-1.0090E-05,1.359424E+00,-2.17365E-02
-1.0080E-05,1.367931E+00,-2.08209E-02
-1.0070E-05,1.376285E+00,-2.57037E-02
-1.0061E-05,1.375995E+00,-2.81451E-02
-1.0051E-05,1.364352E+00,-1.68536E-02
-1.0042E-05,1.374332E+00,-1.27338E-02
-1.0032E-05,1.373470E+00,-2.32623E-02
-1.0022E-05,1.371066E+00,-2.08209E-02
-1.0013E-05,1.371761E+00,-1.92950E-02
-1.0003E-05,1.372615E+00,-2.08209E-02
-9.9936E-06,1.369319E+00,-2.08209E-02
-9.9840E-06,1.373347E+00,-1.02924E-02
-9.9744E-06,1.359706E+00,-1.44122E-02
-9.9648E-06,1.357913E+00,-1.76166E-02
-9.9552E-06,1.363696E+00,-2.81451E-02
-9.9456E-06,1.345203E+00,-3.30280E-02
-9.9360E-06,1.347606E+00,-2.32623E-02
-9.9264E-06,1.336696E+00,-1.10553E-02
-9.9168E-06,1.334247E+00,-1.02924E-02
-9.9072E-06,1.334209E+00,-2.90607E-02
-9.8976E-06,1.319629E+00,-1.59381E-02
-9.8880E-06,1.320567E+00,-3.15021E-02
-9.8784E-06,1.317798E+00,-8.61389E-03
-9.8688E-06,1.302356E+00,-2.00580E-02
-9.8592E-06,1.300685E+00,-2.08209E-02
-9.8496E-06,1.296741E+00,-1.92950E-02
-9.8400E-06,1.289531E+00,-1.59381E-02
-9.8304E-06,1.289447E+00,-2.00580E-02
-9.8208E-06,1.286151E+00,-1.27338E-02
-9.8112E-06,1.274455E+00,-1.68536E-02
-9.8016E-06,1.272914E+00,-1.59381E-02
-9.7920E-06,1.268840E+00,-1.44122E-02
-9.7824E-06,1.258861E+00,-2.73822E-02
-9.7728E-06,1.256786E+00,-2.08209E-02
-9.7632E-06,1.243220E+00,-1.27338E-02
-9.7536E-06,1.250468E+00,-2.17365E-02
-9.7440E-06,1.239635E+00,-2.66193E-02
-9.7344E-06,1.240733E+00,-2.32623E-02
-9.7248E-06,1.233936E+00,-1.27338E-02
-9.7152E-06,1.233936E+00,-2.08209E-02
-9.7056E-06,1.232707E+00,-2.24994E-02
-9.6960E-06,1.224483E+00,-2.41779E-02
-9.6864E-06,1.230678E+00,-2.49408E-02
-9.6768E-06,1.223140E+00,-1.76166E-02
-9.6672E-06,1.222568E+00,-2.49408E-02
-9.6576E-06,1.233447E+00,-3.54694E-02
-9.6480E-06,1.221019E+00,-1.68536E-02
-9.6384E-06,1.232997E+00,-1.76166E-02
-9.6288E-06,1.237476E+00,-1.83795E-02
-9.6192E-06,1.228030E+00,-1.34967E-02
-9.6096E-06,1.234012E+00,-2.00580E-02
-9.6000E-06,1.246112E+00,-2.57037E-02
-9.5904E-06,1.237880E+00,-1.59381E-02
-9.5808E-06,1.247943E+00,-3.22650E-02
-9.5712E-06,1.246600E+00,-8.61389E-03
-9.5616E-06,1.255969E+00,-1.51752E-02
-9.5520E-06,1.256213E+00,-1.92950E-02
-9.5424E-06,1.259265E+00,-2.41779E-02
-9.5328E-06,1.270427E+00,-2.90607E-02
-9.5232E-06,1.270511E+00,-2.24994E-02
-9.5136E-06,1.280284E+00,-2.17365E-02
-9.5040E-06,1.283908E+00,-2.24994E-02
-9.4944E-06,1.277225E+00,-1.34967E-02
-9.4848E-06,1.292056E+00,-2.41779E-02
-9.4752E-06,1.287570E+00,-2.24994E-02
-9.4656E-06,1.295268E+00,-2.49408E-02
-9.4560E-06,1.303332E+00,-1.92950E-02
-9.4464E-06,1.295642E+00,-1.59381E-02
-9.4368E-06,1.309856E+00,-2.49408E-02
-9.4272E-06,1.313113E+00,-2.32623E-02
-9.4176E-06,1.310176E+00,-2.49408E-02
-9.4080E-06,1.317630E+00,-1.51752E-02
-9.3984E-06,1.322887E+00,-1.68536E-02
-9.3888E-06,1.323535E+00,-2.08209E-02
-9.3792E-06,1.338977E+00,-2.98236E-02
-9.3696E-06,1.329318E+00,-1.44122E-02
-9.3600E-06,1.342479E+00,-2.24994E-02
-9.3504E-06,1.350421E+00,-2.32623E-02
-9.3408E-06,1.342929E+00,-1.34967E-02
-9.3312E-06,1.353717E+00,-1.92950E-02
-9.3216E-06,1.366634E+00,-1.19708E-02
-9.3120E-06,1.362392E+00,-2.57037E-02
-9.3024E-06,1.359256E+00,-1.92950E-02
-9.2928E-06,1.365123E+00,-1.68536E-02
-9.2832E-06,1.373271E+00,-2.24994E-02
-9.2736E-06,1.358936E+00,-2.00580E-02
-9.2640E-06,1.379825E+00,-2.57037E-02
-9.2544E-06,1.371600E+00,-1.51752E-02
-9.2448E-06,1.366428E+00,-1.27338E-02
-9.2352E-06,1.379420E+00,-3.71478E-02
-9.2256E-06,1.364757E+00,-1.44122E-02
-9.2160E-06,1.368297E+00,-2.32623E-02
-9.2064E-06,1.371234E+00,-2.17365E-02
-9.1968E-06,1.365611E+00,-8.61389E-03
-9.1872E-06,1.365939E+00,-2.00580E-02
-9.1776E-06,1.351398E+00,-2.17365E-02
-9.1680E-06,1.358607E+00,-1.83795E-02
-9.1584E-06,1.370990E+00,-2.49408E-02
-9.1488E-06,1.343738E+00,-9.52942E-03
-9.1392E-06,1.353595E+00,-1.83795E-02
-9.1296E-06,1.358524E+00,-2.32623E-02
-9.1200E-06,1.329852E+00,-1.92950E-02
-9.1104E-06,1.331523E+00,-1.19708E-02
-9.1008E-06,1.343211E+00,-2.17365E-02
-9.0912E-06,1.317386E+00,-1.92950E-02
-9.0816E-06,1.319057E+00,-1.59381E-02
-9.0720E-06,1.333720E+00,-2.17365E-02
-9.0624E-06,1.302318E+00,-2.08209E-02
-9.0528E-06,1.295558E+00,-1.92950E-02
-9.0432E-06,1.301624E+00,-2.41779E-02
-9.0336E-06,1.291728E+00,-1.02924E-02
-9.0240E-06,1.272708E+00,-1.59381E-02
-9.0144E-06,1.282443E+00,-2.57037E-02
-9.0048E-06,1.276492E+00,-1.51752E-02
-8.9952E-06,1.261584E+00,-1.34967E-02
-8.9856E-06,1.268718E+00,-2.00580E-02
-8.9760E-06,1.246440E+00,-1.27338E-02
-8.9664E-06,1.241267E+00,1.91467E-03
-8.9568E-06,1.265010E+00,-3.88263E-02
-8.9472E-06,1.238376E+00,-1.68536E-02
-8.9376E-06,1.244968E+00,-1.27338E-02
-8.9280E-06,1.235156E+00,-2.90607E-02
-8.9184E-06,1.233241E+00,-1.34967E-02
-8.9088E-06,1.234584E+00,-3.22650E-02
-8.8992E-06,1.226604E+00,-3.05865E-02
-8.8896E-06,1.225948E+00,-2.41779E-02
-8.8800E-06,1.225993E+00,-1.34967E-02
-8.8704E-06,1.226848E+00,-2.49408E-02
-8.8608E-06,1.229617E+00,-2.41779E-02
-8.8512E-06,1.226924E+00,-2.90607E-02
-8.8416E-06,1.228641E+00,-1.83795E-02
-8.8320E-06,1.238696E+00,-1.92950E-02
-8.8224E-06,1.225581E+00,-2.08209E-02
-8.8128E-06,1.238330E+00,-1.76166E-02
-8.8032E-06,1.242076E+00,-1.02924E-02
-8.7936E-06,1.238574E+00,-1.34967E-02
-8.7840E-06,1.252101E+00,-2.66193E-02
-8.7744E-06,1.241634E+00,-2.00580E-02
-8.7648E-06,1.252261E+00,-2.08209E-02
-8.7552E-06,1.255397E+00,-1.27338E-02
-8.7456E-06,1.250102E+00,-2.66193E-02
-8.7360E-06,1.257716E+00,-2.57037E-02
-8.7264E-06,1.264072E+00,-8.61389E-03
-8.7168E-06,1.275516E+00,-1.76166E-02
-8.7072E-06,1.264560E+00,-1.76166E-02
-8.6976E-06,1.274989E+00,-2.24994E-02
-8.6880E-06,1.275882E+00,-2.98236E-02
-8.6784E-06,1.269778E+00,-1.44122E-02
-8.6688E-06,1.298038E+00,-2.32623E-02
-8.6592E-06,1.303172E+00,-3.05865E-02
-8.6496E-06,1.282443E+00,-1.27338E-02
-8.6400E-06,1.310466E+00,-2.41779E-02
-8.6304E-06,1.331966E+00,-2.08209E-02
-8.6208E-06,1.292705E+00,-3.30280E-02
-8.6112E-06,1.320483E+00,-1.92950E-02
-8.6016E-06,1.342067E+00,-1.27338E-02
-8.5920E-06,1.318729E+00,-1.02924E-02
-8.5824E-06,1.338565E+00,-3.39435E-02
-8.5728E-06,1.351886E+00,-1.68536E-02
-8.5632E-06,1.331927E+00,-1.59381E-02
-8.5536E-06,1.347690E+00,-3.54694E-02
-8.5440E-06,1.354617E+00,-3.47064E-02
-8.5344E-06,1.353107E+00,-2.73822E-02
-8.5248E-06,1.352412E+00,-3.47064E-02
-8.5152E-06,1.376201E+00,-2.49408E-02
-8.5056E-06,1.360561E+00,-2.08209E-02
-8.4960E-06,1.356975E+00,-1.34967E-02
-8.4864E-06,1.368869E+00,-3.54694E-02
-8.4768E-06,1.362804E+00,-2.96814E-03
-8.4672E-06,1.366016E+00,-3.30280E-02
-8.4576E-06,1.370418E+00,-3.47064E-02
-8.4480E-06,1.362636E+00,-1.92950E-02
-8.4384E-06,1.367854E+00,-2.49408E-02
-8.4288E-06,1.372493E+00,-2.32623E-02
-8.4192E-06,1.365245E+00,-2.98236E-02
-8.4096E-06,1.373187E+00,-1.92950E-02
-8.4000E-06,1.372050E+00,-1.27338E-02
-8.3904E-06,1.369891E+00,-1.68536E-02
-8.3808E-06,1.369235E+00,-2.41779E-02
-8.3712E-06,1.365855E+00,-2.73822E-02
-8.3616E-06,1.362559E+00,-2.32623E-02
-8.3520E-06,1.358813E+00,-2.73822E-02
-8.3424E-06,1.351924E+00,-2.32623E-02
-8.3328E-06,1.345943E+00,-1.44122E-02
-8.3232E-06,1.353717E+00,-3.05865E-02
-8.3136E-06,1.330135E+00,-1.76166E-02
-8.3040E-06,1.338321E+00,-2.17365E-02
-8.2944E-06,1.323741E+00,-2.73822E-02
-8.2848E-06,1.323657E+00,-9.52942E-03
-8.2752E-06,1.316653E+00,-1.27338E-02
-8.2656E-06,1.310710E+00,-1.10553E-02
-8.2560E-06,1.303172E+00,-2.81451E-02
-8.2464E-06,1.291568E+00,-1.44122E-02
-8.2368E-06,1.295596E+00,-2.24994E-02
-8.2272E-06,1.276416E+00,-1.83795E-02
-8.2176E-06,1.272792E+00,-1.27338E-02
-8.2080E-06,1.278697E+00,-3.30280E-02
-8.1984E-06,1.257884E+00,-1.76166E-02
-8.1888E-06,1.261958E+00,-2.24994E-02
-8.1792E-06,1.266193E+00,-2.90607E-02
-8.1696E-06,1.244647E+00,-2.00580E-02
-8.1600E-06,1.244807E+00,-4.64661E-03
-8.1504E-06,1.259105E+00,-1.76166E-02
-8.1408E-06,1.236903E+00,-2.24994E-02
-8.1312E-06,1.229533E+00,-2.32623E-02
-8.1216E-06,1.255397E+00,-9.52942E-03
-8.1120E-06,1.229533E+00,-1.27338E-02
-8.1024E-06,1.223750E+00,-2.41779E-02
-8.0928E-06,1.232585E+00,-2.17365E-02
-8.0832E-06,1.231410E+00,-1.02924E-02
-8.0736E-06,1.226558E+00,-2.17365E-02
-8.0640E-06,1.231120E+00,-7.08801E-03
-8.0544E-06,1.234012E+00,-2.41779E-02
-8.0448E-06,1.224078E+00,-2.20520E-03
-8.0352E-06,1.239795E+00,-1.10553E-02
-8.0256E-06,1.227008E+00,-2.81451E-02
-8.0160E-06,1.243297E+00,-2.17365E-02
-8.0064E-06,1.228152E+00,-7.08801E-03
-7.9968E-06,1.240001E+00,-1.59381E-02
-7.9872E-06,1.243220E+00,-2.49408E-02
-7.9776E-06,1.228763E+00,-2.00580E-02
-7.9680E-06,1.251079E+00,-5.26733E-04
-7.9584E-06,1.269244E+00,-2.81451E-02
-7.9488E-06,1.238536E+00,-1.27338E-02
-7.9392E-06,1.263866E+00,-2.49408E-02
-7.9296E-06,1.273929E+00,-1.83795E-02
-7.9200E-06,1.259143E+00,-2.49408E-02
-7.9104E-06,1.275882E+00,-2.24994E-02
-7.9008E-06,1.289325E+00,-2.73822E-02
-7.8912E-06,1.273524E+00,-1.68536E-02
-7.8816E-06,1.300281E+00,-2.17365E-02
-7.8720E-06,1.283260E+00,-1.92950E-02
-7.8624E-06,1.292865E+00,-2.00580E-02
-7.8528E-06,1.296168E+00,-2.73822E-02
-7.8432E-06,1.299548E+00,-1.51752E-02
-7.8336E-06,1.314334E+00,-2.98236E-02
-7.8240E-06,1.309283E+00,-2.17365E-02
-7.8144E-06,1.317714E+00,-2.66193E-02
-7.8048E-06,1.322765E+00,-2.32623E-02
-7.7952E-06,1.320644E+00,-1.02924E-02
-7.7856E-06,1.331233E+00,-2.32623E-02
-7.7760E-06,1.328098E+00,-2.17365E-02
-7.7664E-06,1.336085E+00,-2.49408E-02
-7.7568E-06,1.343822E+00,-2.00580E-02
-7.7472E-06,1.341258E+00,-2.17365E-02
-7.7376E-06,1.346385E+00,-2.90607E-02
-7.7280E-06,1.353885E+00,-2.32623E-02
-7.7184E-06,1.352863E+00,-1.10553E-02
-7.7088E-06,1.357341E+00,-2.00580E-02
-7.6992E-06,1.358401E+00,-2.66193E-02
-7.6896E-06,1.360889E+00,-2.49408E-02
-7.6800E-06,1.380641E+00,-2.17365E-02
-7.6704E-06,1.359706E+00,-2.49408E-02
-7.6608E-06,1.368419E+00,-1.92950E-02
-7.6512E-06,1.375552E+00,-2.24994E-02
-7.6416E-06,1.367442E+00,-1.76166E-02
-7.6320E-06,1.372127E+00,-2.00580E-02
-7.6224E-06,1.381946E+00,-3.05865E-02
-7.6128E-06,1.360805E+00,-2.00580E-02
-7.6032E-06,1.368793E+00,-2.24994E-02
-7.5936E-06,1.375674E+00,-1.92950E-02
-7.5840E-06,1.369647E+00,-1.68536E-02
-7.5744E-06,1.369846E+00,-2.41779E-02
-7.5648E-06,1.357219E+00,1.15173E-03
-7.5552E-06,1.368625E+00,-1.92950E-02
-7.5456E-06,1.349445E+00,-2.00580E-02
-7.5360E-06,1.357219E+00,-1.59381E-02
-7.5264E-06,1.348102E+00,-1.68536E-02
-7.5168E-06,1.346553E+00,-1.92950E-02
-7.5072E-06,1.339870E+00,-1.51752E-02
-7.4976E-06,1.331279E+00,-1.02924E-02
-7.4880E-06,1.323779E+00,-1.51752E-02
-7.4784E-06,1.318607E+00,-1.19708E-02
-7.4688E-06,1.304965E+00,-2.00580E-02
-7.4592E-06,1.300403E+00,-1.51752E-02
-7.4496E-06,1.293315E+00,-1.44122E-02
-7.4400E-06,1.286472E+00,-1.02924E-02
-7.4304E-06,1.270793E+00,-1.10553E-02
-7.4208E-06,1.289897E+00,-1.68536E-02
-7.4112E-06,1.269122E+00,-2.66193E-02
-7.4016E-06,1.263377E+00,-1.83795E-02
-7.3920E-06,1.266963E+00,-2.98236E-02
-7.3824E-06,1.265865E+00,-1.02924E-02
-7.3728E-06,1.239917E+00,-2.49408E-02
-7.3632E-06,1.263423E+00,-9.52942E-03
-7.3536E-06,1.257716E+00,-1.68536E-02
-7.3440E-06,1.239268E+00,-6.17249E-03
-7.3344E-06,1.252261E+00,-2.81451E-02
-7.3248E-06,1.236499E+00,-2.00580E-02
-7.3152E-06,1.232997E+00,-1.83795E-02
-7.3056E-06,1.237926E+00,-1.68536E-02
-7.2960E-06,1.226726E+00,-1.44122E-02
-7.2864E-06,1.227534E+00,-8.61389E-03
-7.2768E-06,1.225261E+00,-6.17249E-03
-7.2672E-06,1.228069E+00,-1.44122E-02
-7.2576E-06,1.241710E+00,-3.63849E-02
-7.2480E-06,1.218906E+00,-2.49408E-02
-7.2384E-06,1.237758E+00,-1.59381E-02
-7.2288E-06,1.242000E+00,-9.52942E-03
-7.2192E-06,1.223468E+00,-1.83795E-02
-7.2096E-06,1.230922E+00,-6.17249E-03
-7.2000E-06,1.245784E+00,-1.10553E-02
-7.1904E-06,1.230182E+00,-1.83795E-02
-7.1808E-06,1.248065E+00,-2.66193E-02
-7.1712E-06,1.228351E+00,-2.90607E-02
-7.1616E-06,1.245502E+00,-1.10553E-02
-7.1520E-06,1.247737E+00,-1.51752E-02
-7.1424E-06,1.245334E+00,-1.92950E-02
-7.1328E-06,1.261020E+00,-2.73822E-02
-7.1232E-06,1.266025E+00,-1.34967E-02
-7.1136E-06,1.268306E+00,-1.19708E-02
-7.1040E-06,1.281711E+00,-2.08209E-02
-7.0944E-06,1.277225E+00,-1.76166E-02
-7.0848E-06,1.292056E+00,-1.44122E-02
-7.0752E-06,1.288592E+00,-1.68536E-02
-7.0656E-06,1.292667E+00,-9.52942E-03
-7.0560E-06,1.298656E+00,-1.83795E-02
-7.0464E-06,1.298366E+00,-2.32623E-02
-7.0368E-06,1.311725E+00,-2.73822E-02
-7.0272E-06,1.317798E+00,-1.44122E-02
-7.0176E-06,1.313029E+00,-2.81451E-02
-7.0080E-06,1.314418E+00,-1.92950E-02
-6.9984E-06,1.323131E+00,-2.32623E-02
-6.9888E-06,1.322238E+00,-2.32623E-02
-6.9792E-06,1.323093E+00,-2.24994E-02
-6.9696E-06,1.338855E+00,-2.24994E-02
-6.9600E-06,1.349277E+00,-3.39435E-02
-6.9504E-06,1.339099E+00,-1.28967E-03
-6.9408E-06,1.355960E+00,-1.51752E-02
-6.9312E-06,1.366344E+00,-1.92950E-02
-6.9216E-06,1.342311E+00,-1.27338E-02
-6.9120E-06,1.365817E+00,-2.24994E-02
-6.9024E-06,1.371806E+00,-2.57037E-02
-6.8928E-06,1.356242E+00,-1.92950E-02
-6.8832E-06,1.379382E+00,-1.92950E-02
-6.8736E-06,1.364062E+00,-1.59381E-02
-6.8640E-06,1.374492E+00,-1.76166E-02
-6.8544E-06,1.369197E+00,-2.41779E-02
-6.8448E-06,1.367564E+00,-9.52942E-03
-6.8352E-06,1.372661E+00,-2.73822E-02
-6.8256E-06,1.361949E+00,-1.27338E-02
-6.8160E-06,1.352374E+00,-1.59381E-02
-6.8064E-06,1.382350E+00,-3.71478E-02
-6.7968E-06,1.359218E+00,-7.85095E-03
-6.7872E-06,1.370944E+00,-1.76166E-02
-6.7776E-06,1.366389E+00,-2.49408E-02
-6.7680E-06,1.359256E+00,-1.59381E-02
-6.7584E-06,1.357059E+00,-2.24994E-02
-6.7488E-06,1.359828E+00,-1.76166E-02
-6.7392E-06,1.351604E+00,-2.24994E-02
-6.7296E-06,1.355472E+00,-1.76166E-02
-6.7200E-06,1.342357E+00,-1.44122E-02
-6.7104E-06,1.342967E+00,-2.08209E-02
-6.7008E-06,1.335963E+00,-2.08209E-02
-6.6912E-06,1.323947E+00,-1.34967E-02
-6.6816E-06,1.326144E+00,-2.98236E-02
-6.6720E-06,1.324840E+00,-1.34967E-02
-6.6624E-06,1.311114E+00,-2.57037E-02
-6.6528E-06,1.307651E+00,-1.44122E-02
-6.6432E-06,1.303294E+00,-2.24994E-02
-6.6336E-06,1.299754E+00,-7.08801E-03
-6.6240E-06,1.292545E+00,-2.57037E-02
-6.6144E-06,1.275233E+00,-1.68536E-02
-6.6048E-06,1.283626E+00,-2.66193E-02
-6.5952E-06,1.269084E+00,-1.34967E-02
-6.5856E-06,1.267619E+00,-2.73822E-02
-6.5760E-06,1.257640E+00,-2.66193E-02
-6.5664E-06,1.260654E+00,-1.68536E-02
-6.5568E-06,1.250713E+00,-1.34967E-02
-6.5472E-06,1.248676E+00,-2.00580E-02
-6.5376E-06,1.243709E+00,-2.66193E-02
-6.5280E-06,1.225627E+00,-1.51752E-02
-6.5184E-06,1.237147E+00,-1.59381E-02
-6.5088E-06,1.242770E+00,-4.37091E-02
-6.4992E-06,1.215648E+00,-2.41779E-02
-6.4896E-06,1.227946E+00,-1.59381E-02
-6.4800E-06,1.214221E+00,-1.59381E-02
-6.4704E-06,1.226802E+00,-1.59381E-02
-6.4608E-06,1.220615E+00,-2.81451E-02
-6.4512E-06,1.218173E+00,-8.61389E-03
-6.4416E-06,1.220859E+00,-1.76166E-02
-6.4320E-06,1.232143E+00,-2.73822E-02
-6.4224E-06,1.210025E+00,-2.73822E-02
-6.4128E-06,1.235110E+00,-1.34967E-02
-6.4032E-06,1.235477E+00,-1.51752E-02
-6.3936E-06,1.228191E+00,-1.68536E-02
-6.3840E-06,1.245990E+00,-2.98236E-02
-6.3744E-06,1.231654E+00,-1.19708E-02
-6.3648E-06,1.242320E+00,-2.41779E-02
-6.3552E-06,1.247211E+00,-2.96814E-03
-6.3456E-06,1.243175E+00,-2.49408E-02
-6.3360E-06,1.250186E+00,-2.24994E-02
-6.3264E-06,1.249896E+00,-9.52942E-03
-6.3168E-06,1.266757E+00,-2.24994E-02
-6.3072E-06,1.267497E+00,-2.81451E-02
-6.2976E-06,1.264362E+00,-1.76166E-02
-6.2880E-06,1.273967E+00,-2.08209E-02
-6.2784E-06,1.266681E+00,-1.10553E-02
-6.2688E-06,1.293605E+00,-1.27338E-02
-6.2592E-06,1.300609E+00,-4.20306E-02
-6.2496E-06,1.280772E+00,-1.27338E-02
-6.2400E-06,1.303256E+00,-2.49408E-02
-6.2304E-06,1.313762E+00,-1.76166E-02
-6.2208E-06,1.299060E+00,-2.90607E-02
-6.2112E-06,1.318813E+00,-2.49408E-02
-6.2016E-06,1.328708E+00,-2.00580E-02
-6.1920E-06,1.319591E+00,-1.76166E-02
-6.1824E-06,1.347362E+00,-2.32623E-02
-6.1728E-06,1.313884E+00,-1.83795E-02
-6.1632E-06,1.348346E+00,-1.51752E-02
-6.1536E-06,1.339381E+00,1.56639E-01
-6.1440E-06,1.312297E+00,1.38024E+00
-6.1344E-06,1.301990E+00,2.38869E+00
-6.1248E-06,1.295718E+00,2.87911E+00
-6.1152E-06,1.330791E+00,3.11288E+00
-6.1056E-06,1.358447E+00,3.19344E+00
-6.0960E-06,1.370540E+00,3.26440E+00
-6.0864E-06,1.389400E+00,3.29201E+00
-6.0768E-06,1.403896E+00,3.30102E+00
-6.0672E-06,1.403491E+00,3.30102E+00
-6.0576E-06,1.386058E+00,3.31811E+00
-6.0480E-06,1.396320E+00,3.31414E+00
-6.0384E-06,1.388499E+00,3.30270E+00
-6.0288E-06,1.366306E+00,3.31414E+00
-6.0192E-06,1.390292E+00,3.30025E+00
-6.0096E-06,1.386424E+00,3.29613E+00
-6.0000E-06,1.361217E+00,3.30758E+00
-5.9904E-06,1.380847E+00,3.31246E+00
-5.9808E-06,1.375308E+00,3.30025E+00
-5.9712E-06,1.352534E+00,3.29690E+00
-5.9616E-06,1.367648E+00,3.31322E+00
-5.9520E-06,1.367648E+00,3.28881E+00
-5.9424E-06,1.345164E+00,3.30178E+00
-5.9328E-06,1.338733E+00,3.30590E+00
-5.9232E-06,1.339259E+00,3.30346E+00
-5.9136E-06,1.299464E+00,3.30346E+00
-5.9040E-06,1.302356E+00,3.30346E+00
-5.8944E-06,1.285251E+00,3.29613E+00
-5.8848E-06,1.269122E+00,3.30422E+00
-5.8752E-06,1.257594E+00,3.30682E+00
-5.8656E-06,1.234950E+00,3.31490E+00
-5.8560E-06,1.242648E+00,3.29934E+00
-5.8464E-06,1.217357E+00,3.30178E+00
-5.8368E-06,1.227130E+00,3.29537E+00
-5.8272E-06,1.219066E+00,3.29049E+00
-5.8176E-06,1.212100E+00,3.29369E+00
-5.8080E-06,1.203021E+00,3.30178E+00
-5.7984E-06,1.219150E+00,3.31658E+00
-5.7888E-06,1.210353E+00,3.29293E+00
-5.7792E-06,1.207584E+00,3.28713E+00
-5.7696E-06,1.230510E+00,3.30102E+00
-5.7600E-06,1.235156E+00,3.29201E+00
-5.7504E-06,1.223422E+00,3.29537E+00
-5.7408E-06,1.245296E+00,3.29369E+00
-5.7312E-06,1.271442E+00,3.28469E+00
-5.7216E-06,1.244891E+00,3.28805E+00
-5.7120E-06,1.283420E+00,3.29934E+00
-5.7024E-06,1.300525E+00,3.29537E+00
-5.6928E-06,1.285579E+00,3.30346E+00
-5.6832E-06,1.329692E+00,3.28805E+00
-5.6736E-06,1.307773E+00,3.29690E+00
-5.6640E-06,1.344920E+00,3.29537E+00
-5.6544E-06,1.340770E+00,3.29690E+00
-5.6448E-06,1.347240E+00,3.29781E+00
-5.6352E-06,1.363536E+00,3.27340E+00
-5.6256E-06,1.354739E+00,3.30025E+00
-5.6160E-06,1.351398E+00,3.29049E+00
-5.6064E-06,1.384509E+00,3.28149E+00
-5.5968E-06,1.362559E+00,3.28805E+00
-5.5872E-06,1.376285E+00,3.29201E+00
-5.5776E-06,1.375186E+00,3.27904E+00
-5.5680E-06,1.362804E+00,3.29125E+00
-5.5584E-06,1.361293E+00,3.29125E+00
-5.5488E-06,1.366634E+00,3.29201E+00
-5.5392E-06,1.351070E+00,3.27981E+00
-5.5296E-06,1.331195E+00,3.29858E+00
-5.5200E-06,1.339786E+00,3.28713E+00
-5.5104E-06,1.321132E+00,3.28713E+00
-5.5008E-06,1.294414E+00,3.29858E+00
-5.4912E-06,1.296291E+00,3.29293E+00
-5.4816E-06,1.270755E+00,3.30102E+00
-5.4720E-06,1.277187E+00,3.29446E+00
-5.4624E-06,1.247371E+00,3.29049E+00
-5.4528E-06,1.245212E+00,3.28072E+00
-5.4432E-06,1.230678E+00,3.29858E+00
-5.4336E-06,1.235034E+00,3.30346E+00
-5.4240E-06,1.212466E+00,3.29293E+00
-5.4144E-06,1.232097E+00,3.29049E+00
-5.4048E-06,1.219592E+00,3.29293E+00
-5.3952E-06,1.215724E+00,3.29446E+00
-5.3856E-06,1.228107E+00,3.27660E+00
-5.3760E-06,1.219760E+00,3.29537E+00
-5.3664E-06,1.240695E+00,3.28149E+00
-5.3568E-06,1.223224E+00,3.30178E+00
-5.3472E-06,1.239391E+00,3.28957E+00
-5.3376E-06,1.243549E+00,3.28316E+00
-5.3280E-06,1.244563E+00,3.29613E+00
-5.3184E-06,1.273845E+00,3.29858E+00
-5.3088E-06,1.288715E+00,3.28149E+00
-5.2992E-06,1.274501E+00,3.29369E+00
-5.2896E-06,1.300975E+00,3.28881E+00
-5.2800E-06,1.331157E+00,3.29781E+00
-5.2704E-06,1.308711E+00,3.29125E+00
-5.2608E-06,1.336696E+00,3.30178E+00
-5.2512E-06,1.360439E+00,3.29125E+00
-5.2416E-06,1.351360E+00,3.30514E+00
-5.2320E-06,1.375590E+00,3.29613E+00
-5.2224E-06,1.382350E+00,3.29537E+00
-5.2128E-06,1.373965E+00,3.29201E+00
-5.2032E-06,1.379871E+00,3.28561E+00
-5.1936E-06,1.388988E+00,3.29690E+00
-5.1840E-06,1.378688E+00,3.29690E+00
-5.1744E-06,1.383411E+00,3.28881E+00
-5.1648E-06,1.363048E+00,3.30514E+00
-5.1552E-06,1.379504E+00,3.28957E+00
-5.1456E-06,1.352702E+00,3.28957E+00
-5.1360E-06,1.355388E+00,3.30590E+00
-5.1264E-06,1.340808E+00,3.29125E+00
-5.1168E-06,1.331721E+00,3.29293E+00
-5.1072E-06,1.312457E+00,3.29446E+00
-5.0976E-06,1.307773E+00,3.29781E+00
-5.0880E-06,1.293193E+00,3.29537E+00
-5.0784E-06,1.263217E+00,3.31002E+00
-5.0688E-06,1.279185E+00,3.30346E+00
-5.0592E-06,1.267657E+00,3.28225E+00
-5.0496E-06,1.231853E+00,3.28713E+00
-5.0400E-06,1.246516E+00,3.29049E+00
-5.0304E-06,1.245052E+00,3.29293E+00
-5.0208E-06,1.214870E+00,3.29537E+00
-5.0112E-06,1.225871E+00,3.29537E+00
-5.0016E-06,1.235110E+00,3.30178E+00
-4.9920E-06,1.216052E+00,3.30514E+00
-4.9824E-06,1.244479E+00,3.28393E+00
-4.9728E-06,1.212146E+00,3.30178E+00
-4.9632E-06,1.242038E+00,3.29446E+00
-4.9536E-06,1.242404E+00,3.30102E+00
-4.9440E-06,1.238742E+00,3.30102E+00
-4.9344E-06,1.260692E+00,3.27492E+00
-4.9248E-06,1.253482E+00,3.30025E+00
-4.9152E-06,1.271686E+00,3.29049E+00
-4.9056E-06,1.286433E+00,3.28713E+00
-4.8960E-06,1.282520E+00,3.28637E+00
-4.8864E-06,1.303172E+00,3.29293E+00
-4.8768E-06,1.317714E+00,3.28713E+00
-4.8672E-06,1.329036E+00,3.28149E+00
-4.8576E-06,1.325130E+00,3.30102E+00
-4.8480E-06,1.350703E+00,3.29369E+00
-4.8384E-06,1.352740E+00,3.28805E+00
-4.8288E-06,1.353351E+00,3.29049E+00
-4.8192E-06,1.371844E+00,3.28805E+00
-4.8096E-06,1.380969E+00,3.28316E+00
-4.8000E-06,1.369891E+00,3.29049E+00
-4.7904E-06,1.385242E+00,3.29201E+00
-4.7808E-06,1.372295E+00,3.30102E+00
-4.7712E-06,1.382312E+00,3.29446E+00
-4.7616E-06,1.371112E+00,3.28713E+00
-4.7520E-06,1.365245E+00,3.29613E+00
-4.7424E-06,1.357913E+00,3.27828E+00
-4.7328E-06,1.346797E+00,3.29858E+00
-4.7232E-06,1.338771E+00,3.29537E+00
-4.7136E-06,1.330829E+00,3.28881E+00
-4.7040E-06,1.320766E+00,3.28957E+00
-4.6944E-06,1.304027E+00,3.29613E+00
-4.6848E-06,1.295718E+00,3.29934E+00
-4.6752E-06,1.277919E+00,3.29613E+00
-4.6656E-06,1.253688E+00,3.30590E+00
-4.6560E-06,1.264316E+00,3.27584E+00
-4.6464E-06,1.231410E+00,3.29049E+00
-4.6368E-06,1.236865E+00,3.29369E+00
-4.6272E-06,1.232829E+00,3.27828E+00
-4.6176E-06,1.225627E+00,3.28149E+00
-4.6080E-06,1.199718E+00,3.30270E+00
-4.5984E-06,1.223140E+00,3.29125E+00
-4.5888E-06,1.211162E+00,3.28469E+00
-4.5792E-06,1.211772E+00,3.28393E+00
-4.5696E-06,1.227740E+00,3.28637E+00
-4.5600E-06,1.236255E+00,3.28881E+00
-4.5504E-06,1.218455E+00,3.28957E+00
-4.5408E-06,1.238452E+00,3.28957E+00
-4.5312E-06,1.252383E+00,3.27584E+00
-4.5216E-06,1.253032E+00,3.28225E+00
-4.5120E-06,1.266231E+00,3.28561E+00
-4.5024E-06,1.278285E+00,3.27248E+00
-4.4928E-06,1.278209E+00,3.28805E+00
-4.4832E-06,1.308711E+00,3.28149E+00
-4.4736E-06,1.304195E+00,3.27416E+00
-4.4640E-06,1.336085E+00,3.28072E+00
-4.4544E-06,1.332782E+00,3.28072E+00
-4.4448E-06,1.340930E+00,3.29781E+00
-4.4352E-06,1.360355E+00,3.27981E+00
-4.4256E-06,1.356204E+00,3.28713E+00
-4.4160E-06,1.350421E+00,3.29613E+00
-4.4064E-06,1.386790E+00,3.27584E+00
-4.3968E-06,1.369441E+00,3.29049E+00
-4.3872E-06,1.382922E+00,3.29690E+00
-4.3776E-06,1.377834E+00,3.27981E+00
-4.3680E-06,1.375018E+00,3.29125E+00
-4.3584E-06,1.376117E+00,3.28637E+00
-4.3488E-06,1.365649E+00,3.30178E+00
-4.3392E-06,1.360233E+00,3.28881E+00
-4.3296E-06,1.350009E+00,3.29369E+00
-4.3200E-06,1.331157E+00,3.28561E+00
-4.3104E-06,1.328632E+00,3.28713E+00
-4.3008E-06,1.318729E+00,3.29293E+00
-4.2912E-06,1.301547E+00,3.29858E+00
-4.2816E-06,1.285739E+00,3.30346E+00
-4.2720E-06,1.296817E+00,3.29858E+00
-4.2624E-06,1.264560E+00,3.29369E+00
-4.2528E-06,1.264644E+00,3.30178E+00
-4.2432E-06,1.258655E+00,3.29293E+00
-4.2336E-06,1.253810E+00,3.29613E+00
-4.2240E-06,1.231937E+00,3.29446E+00
-4.2144E-06,1.244525E+00,3.29369E+00
-4.2048E-06,1.231937E+00,3.29690E+00
-4.1952E-06,1.220981E+00,3.30178E+00
-4.1856E-06,1.232097E+00,3.27737E+00
-4.1760E-06,1.218295E+00,3.29613E+00
-4.1664E-06,1.225177E+00,3.28881E+00
-4.1568E-06,1.232021E+00,3.29049E+00
-4.1472E-06,1.229938E+00,3.29293E+00
-4.1376E-06,1.237636E+00,3.28713E+00
-4.1280E-06,1.243625E+00,3.29125E+00
-4.1184E-06,1.264438E+00,3.29690E+00
-4.1088E-06,1.279674E+00,3.28316E+00
-4.0992E-06,1.270549E+00,3.29293E+00
-4.0896E-06,1.294009E+00,3.29049E+00
-4.0800E-06,1.327777E+00,3.28713E+00
-4.0704E-06,1.299792E+00,3.28149E+00
-4.0608E-06,1.327571E+00,3.29049E+00
-4.0512E-06,1.355266E+00,3.28637E+00
-4.0416E-06,1.338931E+00,3.30025E+00
-4.0320E-06,1.365695E+00,3.28072E+00
-4.0224E-06,1.379909E+00,3.29125E+00
-4.0128E-06,1.363940E+00,3.29781E+00
-4.0032E-06,1.375018E+00,3.29690E+00
-3.9936E-06,1.387485E+00,3.28805E+00
-3.9840E-06,1.383411E+00,3.28637E+00
-3.9744E-06,1.372661E+00,3.29369E+00
-3.9648E-06,1.384593E+00,3.29125E+00
-3.9552E-06,1.378398E+00,3.29537E+00
-3.9456E-06,1.361949E+00,3.30590E+00
-3.9360E-06,1.363330E+00,3.28072E+00
-3.9264E-06,1.340236E+00,3.29201E+00
-3.9168E-06,1.328586E+00,3.30102E+00
-3.9072E-06,1.331157E+00,3.27981E+00
-3.8976E-06,1.302356E+00,3.29049E+00
-3.8880E-06,1.298854E+00,3.29201E+00
-3.8784E-06,1.276454E+00,3.29781E+00
-3.8688E-06,1.274333E+00,3.29537E+00
-3.8592E-06,1.267497E+00,3.28316E+00
-3.8496E-06,1.245052E+00,3.29781E+00
-3.8400E-06,1.249164E+00,3.28957E+00
-3.8304E-06,1.243671E+00,3.28469E+00
-3.8208E-06,1.222530E+00,3.29446E+00
-3.8112E-06,1.224933E+00,3.29537E+00
-3.8016E-06,1.227458E+00,3.28469E+00
-3.7920E-06,1.214748E+00,3.29125E+00
-3.7824E-06,1.233279E+00,3.27981E+00
-3.7728E-06,1.208232E+00,3.29125E+00
-3.7632E-06,1.234302E+00,3.27981E+00
-3.7536E-06,1.231776E+00,3.27904E+00
-3.7440E-06,1.229083E+00,3.30102E+00
-3.7344E-06,1.247661E+00,3.26928E+00
-3.7248E-06,1.246356E+00,3.29293E+00
-3.7152E-06,1.255237E+00,3.28637E+00
-3.7056E-06,1.273441E+00,3.28637E+00
-3.6960E-06,1.268024E+00,3.28393E+00
-3.6864E-06,1.287776E+00,3.29293E+00
-3.6768E-06,1.303088E+00,3.28469E+00
-3.6672E-06,1.314372E+00,3.27904E+00
-3.6576E-06,1.311153E+00,3.29781E+00
-3.6480E-06,1.334491E+00,3.28637E+00
-3.6384E-06,1.342639E+00,3.29049E+00
-3.6288E-06,1.346385E+00,3.28881E+00
-3.6192E-06,1.362842E+00,3.27737E+00
-3.6096E-06,1.377017E+00,3.27660E+00
-3.6000E-06,1.363536E+00,3.28713E+00
-3.5904E-06,1.379214E+00,3.28469E+00
-3.5808E-06,1.381374E+00,3.28072E+00
-3.5712E-06,1.370700E+00,3.28805E+00
-3.5616E-06,1.371638E+00,3.28881E+00
-3.5520E-06,1.378078E+00,3.29369E+00
-3.5424E-06,1.361659E+00,3.28713E+00
-3.5328E-06,1.352657E+00,3.29446E+00
-3.5232E-06,1.357181E+00,3.28957E+00
-3.5136E-06,1.327693E+00,3.28957E+00
-3.5040E-06,1.321460E+00,3.29201E+00
-3.4944E-06,1.310748E+00,3.28637E+00
-3.4848E-06,1.301303E+00,3.29690E+00
-3.4752E-06,1.285495E+00,3.29369E+00
-3.4656E-06,1.271808E+00,3.29293E+00
-3.4560E-06,1.269572E+00,3.29201E+00
-3.4464E-06,1.246356E+00,3.29369E+00
-3.4368E-06,1.248676E+00,3.29934E+00
-3.4272E-06,1.236461E+00,3.28316E+00
-3.4176E-06,1.228275E+00,3.28225E+00
-3.4080E-06,1.220981E+00,3.29690E+00
-3.3984E-06,1.224155E+00,3.28469E+00
-3.3888E-06,1.221019E+00,3.28957E+00
-3.3792E-06,1.225505E+00,3.28393E+00
-3.3696E-06,1.220332E+00,3.28805E+00
-3.3600E-06,1.232219E+00,3.30025E+00
-3.3504E-06,1.231166E+00,3.29613E+00
-3.3408E-06,1.236499E+00,3.29934E+00
-3.3312E-06,1.246074E+00,3.28072E+00
-3.3216E-06,1.267902E+00,3.28713E+00
-3.3120E-06,1.268672E+00,3.29201E+00
-3.3024E-06,1.274051E+00,3.29858E+00
-3.2928E-06,1.288310E+00,3.29446E+00
-3.2832E-06,1.313846E+00,3.29049E+00
-3.2736E-06,1.295024E+00,3.28393E+00
-3.2640E-06,1.338855E+00,3.29446E+00
-3.2544E-06,1.335673E+00,3.28957E+00
-3.2448E-06,1.333438E+00,3.30025E+00
-3.2352E-06,1.364429E+00,3.26119E+00
-3.2256E-06,1.358279E+00,3.30025E+00
-3.2160E-06,1.352496E+00,3.28393E+00
-3.2064E-06,1.386829E+00,3.27981E+00
-3.1968E-06,1.375629E+00,3.28469E+00
-3.1872E-06,1.379703E+00,3.29613E+00
-3.1776E-06,1.373309E+00,3.28393E+00
-3.1680E-06,1.377910E+00,3.31170E+00
-3.1584E-06,1.385608E+00,3.27492E+00
-3.1488E-06,1.364307E+00,3.29934E+00
-3.1392E-06,1.369525E+00,3.28637E+00
-3.1296E-06,1.355678E+00,3.29690E+00
-3.1200E-06,1.337917E+00,3.28393E+00
-3.1104E-06,1.336368E+00,3.29293E+00
-3.1008E-06,1.329036E+00,3.29446E+00
-3.0912E-06,1.307407E+00,3.29613E+00
-3.0816E-06,1.306514E+00,3.14782E+00
-3.0720E-06,1.317142E+00,1.94878E+00
-3.0624E-06,1.323657E+00,8.61290E-01
-3.0528E-06,1.323291E+00,3.92997E-01
-3.0432E-06,1.283336E+00,1.42906E-01
-3.0336E-06,1.269534E+00,6.78326E-02
-3.0240E-06,1.234584E+00,6.03455E-03
-3.0144E-06,1.218539E+00,-2.73822E-02
-3.0048E-06,1.210391E+00,-4.05048E-02
-2.9952E-06,1.198581E+00,-2.49408E-02
-2.9856E-06,1.205669E+00,-4.93549E-02
-2.9760E-06,1.200412E+00,-3.88263E-02
-2.9664E-06,1.212917E+00,-4.12677E-02
-2.9568E-06,1.216380E+00,-2.98236E-02
-2.9472E-06,1.220370E+00,-4.29462E-02
-2.9376E-06,1.230838E+00,-3.63849E-02
-2.9280E-06,1.237926E+00,-3.15021E-02
-2.9184E-06,1.253200E+00,-3.47064E-02
-2.9088E-06,1.255237E+00,-3.39435E-02
-2.8992E-06,1.261836E+00,-2.90607E-02
-2.8896E-06,1.269206E+00,-3.47064E-02
-2.8800E-06,1.278773E+00,-2.49408E-02
-2.8704E-06,1.287570E+00,-3.95892E-02
-2.8608E-06,1.297794E+00,-3.47064E-02
-2.8512E-06,1.291888E+00,-3.39435E-02
-2.8416E-06,1.309688E+00,-2.49408E-02
-2.8320E-06,1.326633E+00,-3.88263E-02
-2.8224E-06,1.315471E+00,-3.80634E-02
-2.8128E-06,1.334293E+00,-2.81451E-02
-2.8032E-06,1.342723E+00,-3.30280E-02
-2.7936E-06,1.343944E+00,-2.24994E-02
-2.7840E-06,1.358852E+00,-3.71478E-02
-2.7744E-06,1.351848E+00,-2.08209E-02
-2.7648E-06,1.361217E+00,-2.66193E-02
-2.7552E-06,1.361339E+00,-1.83795E-02
-2.7456E-06,1.353885E+00,-2.57037E-02
-2.7360E-06,1.360156E+00,-2.24994E-02
-2.7264E-06,1.355876E+00,-2.57037E-02
-2.7168E-06,1.366428E+00,-3.54694E-02
-2.7072E-06,1.358569E+00,-1.76166E-02
-2.6976E-06,1.360278E+00,-3.47064E-02
-2.6880E-06,1.360721E+00,-2.98236E-02
-2.6784E-06,1.352946E+00,-2.57037E-02
-2.6688E-06,1.359012E+00,-2.57037E-02
-2.6592E-06,1.366832E+00,-3.71478E-02
-2.6496E-06,1.345821E+00,-2.49408E-02
-2.6400E-06,1.355472E+00,-2.32623E-02
-2.6304E-06,1.343005E+00,-2.00580E-02
-2.6208E-06,1.357097E+00,-2.49408E-02
-2.6112E-06,1.348872E+00,-3.95892E-02
-2.6016E-06,1.345203E+00,-1.27338E-02
-2.5920E-06,1.347118E+00,-3.63849E-02
-2.5824E-06,1.346553E+00,-1.76166E-02
-2.5728E-06,1.323657E+00,-3.05865E-02
-2.5632E-06,1.338000E+00,-1.83795E-02
-2.5536E-06,1.337100E+00,-2.90607E-02
-2.5440E-06,1.320850E+00,-1.76166E-02
-2.5344E-06,1.328021E+00,-4.37091E-02
-2.5248E-06,1.315272E+00,-1.34967E-02
-2.5152E-06,1.310908E+00,-2.32623E-02
-2.5056E-06,1.307491E+00,-2.66193E-02
-2.4960E-06,1.294376E+00,-3.15021E-02
-2.4864E-06,1.287616E+00,-2.57037E-02
-2.4768E-06,1.279430E+00,-2.90607E-02
-2.4672E-06,1.277148E+00,-2.73822E-02
-2.4576E-06,1.271854E+00,-2.57037E-02
-2.4480E-06,1.261630E+00,-1.92950E-02
-2.4384E-06,1.262889E+00,-3.30280E-02
-2.4288E-06,1.252422E+00,-2.73822E-02
-2.4192E-06,1.249736E+00,-1.83795E-02
-2.4096E-06,1.248149E+00,-2.98236E-02
-2.4000E-06,1.240855E+00,-2.17365E-02
-2.3904E-06,1.244441E+00,-2.57037E-02
-2.3808E-06,1.232585E+00,-2.73822E-02
-2.3712E-06,1.249820E+00,-2.08209E-02
-2.3616E-06,1.241100E+00,-3.22650E-02
-2.3520E-06,1.231975E+00,-2.90607E-02
-2.3424E-06,1.234340E+00,-2.49408E-02
-2.3328E-06,1.234584E+00,-1.34967E-02
-2.3232E-06,1.227458E+00,-2.66193E-02
-2.3136E-06,1.237880E+00,-3.30280E-02
-2.3040E-06,1.238376E+00,-2.49408E-02
-2.2944E-06,1.228519E+00,-2.49408E-02
-2.2848E-06,1.246318E+00,-1.59381E-02
-2.2752E-06,1.238002E+00,-2.49408E-02
-2.2656E-06,1.242809E+00,-3.39435E-02
-2.2560E-06,1.245258E+00,-2.00580E-02
-2.2464E-06,1.242488E+00,-2.81451E-02
-2.2368E-06,1.250468E+00,-2.24994E-02
-2.2272E-06,1.250384E+00,-2.41779E-02
-2.2176E-06,1.249210E+00,-2.90607E-02
-2.2080E-06,1.255359E+00,-2.90607E-02
-2.1984E-06,1.256862E+00,-2.32623E-02
-2.1888E-06,1.260730E+00,-3.54694E-02
-2.1792E-06,1.261180E+00,-2.81451E-02
-2.1696E-06,1.267085E+00,-2.41779E-02
-2.1600E-06,1.277637E+00,-2.24994E-02
-2.1504E-06,1.272426E+00,-1.83795E-02
-2.1408E-06,1.280566E+00,-2.24994E-02
-2.1312E-06,1.290218E+00,-2.90607E-02
-2.1216E-06,1.287898E+00,-1.68536E-02
-2.1120E-06,1.294414E+00,-2.32623E-02
-2.1024E-06,1.301257E+00,-2.81451E-02
-2.0928E-06,1.296741E+00,-2.49408E-02
-2.0832E-06,1.314052E+00,-2.57037E-02
-2.0736E-06,1.305698E+00,-2.32623E-02
-2.0640E-06,1.318202E+00,-2.08209E-02
-2.0544E-06,1.320605E+00,-2.66193E-02
-2.0448E-06,1.322192E+00,-2.00580E-02
-2.0352E-06,1.337260E+00,-3.39435E-02
-2.0256E-06,1.331233E+00,-2.08209E-02
-2.0160E-06,1.342235E+00,-2.49408E-02
-2.0064E-06,1.339099E+00,-1.83795E-02
-1.9968E-06,1.342395E+00,-3.39435E-02
-1.9872E-06,1.347240E+00,-3.30280E-02
-1.9776E-06,1.345897E+00,-2.57037E-02
-1.9680E-06,1.356532E+00,-1.51752E-02
-1.9584E-06,1.368259E+00,-1.59381E-02
-1.9488E-06,1.362758E+00,-2.66193E-02
-1.9392E-06,1.371440E+00,-2.41779E-02
-1.9296E-06,1.382312E+00,-1.76166E-02
-1.9200E-06,1.374896E+00,-2.98236E-02
-1.9104E-06,1.384875E+00,-2.32623E-02
-1.9008E-06,1.387569E+00,-3.47064E-02
-1.8912E-06,1.377834E+00,-1.44122E-02
-1.8816E-06,1.378482E+00,-1.44122E-02
-1.8720E-06,1.385448E+00,-1.19708E-02
-1.8624E-06,1.369159E+00,-2.49408E-02
-1.8528E-06,1.359058E+00,-2.17365E-02
-1.8432E-06,1.363208E+00,-1.44122E-02
-1.8336E-06,1.360599E+00,-1.83795E-02
-1.8240E-06,1.346309E+00,-2.66193E-02
-1.8144E-06,1.345370E+00,-2.66193E-02
-1.8048E-06,1.349567E+00,-2.32623E-02
-1.7952E-06,1.335673E+00,-2.00580E-02
-1.7856E-06,1.339053E+00,-2.66193E-02
-1.7760E-06,1.326595E+00,-2.41779E-02
-1.7664E-06,1.326793E+00,-2.17365E-02
-1.7568E-06,1.331523E+00,-2.32623E-02
-1.7472E-06,1.321056E+00,-1.83795E-02
-1.7376E-06,1.318813E+00,-2.41779E-02
-1.7280E-06,1.307002E+00,-2.66193E-02
-1.7184E-06,1.304149E+00,-1.76166E-02
-1.7088E-06,1.312419E+00,-3.63849E-02
-1.6992E-06,1.293437E+00,-1.44122E-02
-1.6896E-06,1.294170E+00,-2.32623E-02
-1.6800E-06,1.299388E+00,-1.10553E-02
-1.6704E-06,1.273280E+00,-1.83795E-02
-1.6608E-06,1.270999E+00,-1.34967E-02
-1.6512E-06,1.278125E+00,-1.68536E-02
-1.6416E-06,1.260204E+00,-2.41779E-02
-1.6320E-06,1.252666E+00,-2.57037E-02
-1.6224E-06,1.265338E+00,-2.49408E-02
-1.6128E-06,1.235645E+00,-2.24994E-02
-1.6032E-06,1.239635E+00,-2.32623E-02
-1.5936E-06,1.241222E+00,-2.57037E-02
-1.5840E-06,1.237804E+00,-1.34967E-02
-1.5744E-06,1.228107E+00,-2.49408E-02
-1.5648E-06,1.242000E+00,-2.90607E-02
-1.5552E-06,1.240527E+00,-1.34967E-02
-1.5456E-06,1.227824E+00,-2.17365E-02
-1.5360E-06,1.239185E+00,-2.17365E-02
-1.5264E-06,1.227786E+00,-2.41779E-02
-1.5168E-06,1.226924E+00,-2.17365E-02
-1.5072E-06,1.247699E+00,-3.54694E-02
-1.4976E-06,1.226802E+00,-2.17365E-02
-1.4880E-06,1.233730E+00,-1.92950E-02
-1.4784E-06,1.234378E+00,-2.08209E-02
-1.4688E-06,1.232021E+00,-1.76166E-02
-1.4592E-06,1.236705E+00,-3.30280E-02
-1.4496E-06,1.234058E+00,-1.83795E-02
-1.4400E-06,1.240855E+00,-2.17365E-02
-1.4304E-06,1.258617E+00,-2.00580E-02
-1.4208E-06,1.234950E+00,-2.32623E-02
-1.4112E-06,1.251979E+00,-2.17365E-02
-1.4016E-06,1.264278E+00,-2.24994E-02
-1.3920E-06,1.255923E+00,-1.68536E-02
-1.3824E-06,1.266437E+00,-3.15021E-02
-1.3728E-06,1.278896E+00,-1.19708E-02
-1.3632E-06,1.273158E+00,-1.68536E-02
-1.3536E-06,1.284679E+00,-2.41779E-02
-1.3440E-06,1.287738E+00,-2.24994E-02
-1.3344E-06,1.293315E+00,-1.51752E-02
-1.3248E-06,1.290668E+00,-1.83795E-02
-1.3152E-06,1.299998E+00,-2.00580E-02
-1.3056E-06,1.307491E+00,-1.83795E-02
-1.2960E-06,1.301257E+00,-1.76166E-02
-1.2864E-06,1.320079E+00,-2.57037E-02
-1.2768E-06,1.318530E+00,-1.02924E-02
-1.2672E-06,1.322971E+00,-2.41779E-02
-1.2576E-06,1.325534E+00,-2.81451E-02
-1.2480E-06,1.325862E+00,-2.32623E-02
-1.2384E-06,1.329280E+00,-1.19708E-02
-1.2288E-06,1.335109E+00,-2.57037E-02
-1.2192E-06,1.329486E+00,-1.76166E-02
-1.2096E-06,1.340114E+00,-2.41779E-02
-1.2000E-06,1.343372E+00,-4.05048E-02
-1.1904E-06,1.346713E+00,-3.80634E-02
-1.1808E-06,1.374370E+00,-2.41779E-02
-1.1712E-06,1.337428E+00,-2.17365E-02
-1.1616E-06,1.360110E+00,-1.44122E-02
-1.1520E-06,1.377834E+00,-2.00580E-02
-1.1424E-06,1.355060E+00,-1.59381E-02
-1.1328E-06,1.379382E+00,-3.54694E-02
-1.1232E-06,1.368220E+00,-1.76166E-02
-1.1136E-06,1.372615E+00,-2.90607E-02
-1.1040E-06,1.373553E+00,-3.47064E-02
-1.0944E-06,1.371600E+00,-2.73822E-02
-1.0848E-06,1.375308E+00,-2.66193E-02
-1.0752E-06,1.375796E+00,-1.44122E-02
-1.0656E-06,1.362842E+00,-2.57037E-02
-1.0560E-06,1.375507E+00,-4.05048E-02
-1.0464E-06,1.366550E+00,-2.32623E-02
-1.0368E-06,1.370822E+00,-2.49408E-02
-1.0272E-06,1.367648E+00,-2.41779E-02
-1.0176E-06,1.361987E+00,-2.73822E-02
-1.0080E-06,1.360721E+00,-2.41779E-02
-9.9840E-07,1.357097E+00,-1.92950E-02
-9.8880E-07,1.354861E+00,-3.22650E-02
-9.7920E-07,1.329402E+00,-1.59381E-02
-9.6960E-07,1.351642E+00,-1.19708E-02
-9.6000E-07,1.349643E+00,-2.32623E-02
-9.5040E-07,1.321338E+00,-1.68536E-02
-9.4080E-07,1.332378E+00,-2.90607E-02
-9.3120E-07,1.332217E+00,-1.76166E-02
-9.2160E-07,1.294009E+00,-2.57037E-02
-9.1200E-07,1.310504E+00,-1.92950E-02
-9.0240E-07,1.313800E+00,-1.83795E-02
-8.9280E-07,1.283336E+00,-2.00580E-02
-8.8320E-07,1.290790E+00,-2.81451E-02
-8.7360E-07,1.290301E+00,-2.00580E-02
-8.6400E-07,1.255801E+00,-1.27338E-02
-8.5440E-07,1.267986E+00,-2.90607E-02
-8.4480E-07,1.256335E+00,-1.92950E-02
-8.3520E-07,1.256046E+00,-9.52942E-03
-8.2560E-07,1.244441E+00,-2.73822E-02
-8.1600E-07,1.254947E+00,-2.32623E-02
-8.0640E-07,1.235889E+00,-9.52942E-03
-7.9680E-07,1.237071E+00,-1.76166E-02
-7.8720E-07,1.243098E+00,-3.47064E-02
-7.7760E-07,1.221309E+00,-2.24994E-02
-7.6800E-07,1.228030E+00,-1.76166E-02
-7.5840E-07,1.240649E+00,-3.05865E-02
-7.4880E-07,1.212184E+00,-1.10553E-02
-7.3920E-07,1.223018E+00,-1.59381E-02
-7.2960E-07,1.218005E+00,-1.76166E-02
-7.2000E-07,1.221675E+00,-7.85095E-03
-7.1040E-07,1.226360E+00,-2.57037E-02
-7.0080E-07,1.221225E+00,-1.34967E-02
-6.9120E-07,1.219394E+00,-2.17365E-02
-6.8160E-07,1.233081E+00,-2.73822E-02
-6.7200E-07,1.221957E+00,-3.05865E-02
-6.6240E-07,1.229411E+00,-2.73822E-02
-6.5280E-07,1.235767E+00,-2.24994E-02
-6.4320E-07,1.233974E+00,-2.66193E-02
-6.3360E-07,1.249652E+00,-2.49408E-02
-6.2400E-07,1.241954E+00,-1.34967E-02
-6.1440E-07,1.250384E+00,-3.39435E-02
-6.0480E-07,1.255153E+00,-3.05865E-02
-5.9520E-07,1.253848E+00,-2.00580E-02
-5.8560E-07,1.261020E+00,-2.32623E-02
-5.7600E-07,1.259067E+00,-2.81451E-02
-5.6640E-07,1.277187E+00,-4.44720E-02
-5.5680E-07,1.270389E+00,-1.51752E-02
-5.4720E-07,1.281139E+00,-1.76166E-02
-5.3760E-07,1.285091E+00,-3.15021E-02
-5.2800E-07,1.285579E+00,-1.92950E-02
-5.1840E-07,1.296329E+00,-3.54694E-02
-5.0880E-07,1.299220E+00,-2.08209E-02
-4.9920E-07,1.295512E+00,-2.81451E-02
-4.8960E-07,1.301829E+00,-2.66193E-02
-4.8000E-07,1.318774E+00,-2.81451E-02
-4.7040E-07,1.311404E+00,-2.66193E-02
-4.6080E-07,1.323779E+00,-3.05865E-02
-4.5120E-07,1.325328E+00,-2.08209E-02
-4.4160E-07,1.327899E+00,-1.83795E-02
-4.3200E-07,1.334865E+00,-2.41779E-02
-4.2240E-07,1.345004E+00,-2.66193E-02
-4.1280E-07,1.339099E+00,-2.08209E-02
-4.0320E-07,1.345943E+00,-2.73822E-02
-3.9360E-07,1.354572E+00,-2.73822E-02
-3.8400E-07,1.363246E+00,-2.41779E-02
-3.7440E-07,1.353961E+00,-2.41779E-02
-3.6480E-07,1.370822E+00,-1.76166E-02
-3.5520E-07,1.367038E+00,-1.83795E-02
-3.4560E-07,1.359462E+00,-1.34967E-02
-3.3600E-07,1.371844E+00,-3.71478E-02
-3.2640E-07,1.366710E+00,-2.17365E-02
-3.1680E-07,1.374370E+00,-2.32623E-02
-3.0720E-07,1.373149E+00,-3.05865E-02
-2.9760E-07,1.366794E+00,-1.68536E-02
-2.8800E-07,1.367160E+00,-1.76166E-02
-2.7840E-07,1.355754E+00,-1.51752E-02
-2.6880E-07,1.371844E+00,-1.02924E-02
-2.5920E-07,1.377422E+00,-2.73822E-02
-2.4960E-07,1.352580E+00,-1.34967E-02
-2.4000E-07,1.374286E+00,-1.76166E-02
-2.3040E-07,1.386790E+00,-1.59381E-02
-2.2080E-07,1.346873E+00,-3.05865E-02
-2.1120E-07,1.355838E+00,-1.51752E-02
-2.0160E-07,1.380725E+00,-2.32623E-02
-1.9200E-07,1.347408E+00,-1.76166E-02
-1.8240E-07,1.359302E+00,-3.95892E-02
-1.7280E-07,1.357463E+00,-2.08209E-02
-1.6320E-07,1.336490E+00,-1.34967E-02
-1.5360E-07,1.336208E+00,-1.19708E-02
-1.4400E-07,1.336612E+00,-2.49408E-02
-1.3440E-07,1.321338E+00,-2.00580E-02
-1.2480E-07,1.317104E+00,-1.83795E-02
-1.1520E-07,1.305614E+00,-1.27338E-02
-1.0560E-07,1.307208E+00,-2.81451E-02
-9.6000E-08,1.290912E+00,-2.17365E-02
-8.6400E-08,1.296451E+00,-2.00580E-02
-7.6800E-08,1.283626E+00,-2.00580E-02
-6.7200E-08,1.279468E+00,-1.92950E-02
-5.7600E-08,1.277354E+00,-2.17365E-02
-4.8000E-08,1.264072E+00,-1.34967E-02
-3.8400E-08,1.266071E+00,-2.08209E-02
-2.8800E-08,1.255153E+00,-1.83795E-02
-1.9200E-08,1.248721E+00,-1.19708E-02
-9.6000E-09,1.244357E+00,1.30699E-01
-1.6961E-20,1.222980E+00,1.31905E+00
9.6000E-09,1.190715E+00,2.37893E+00
1.9200E-08,1.181064E+00,2.85302E+00
2.8800E-08,1.212756E+00,3.11044E+00
3.8400E-08,1.219554E+00,3.20168E+00
4.8000E-08,1.236659E+00,3.26440E+00
5.7600E-08,1.245822E+00,3.27981E+00
6.7200E-08,1.253932E+00,3.31078E+00
7.6800E-08,1.250224E+00,3.30926E+00
8.6400E-08,1.247661E+00,3.30422E+00
9.6000E-08,1.246761E+00,3.30834E+00
1.0560E-07,1.231204E+00,3.30346E+00
1.1520E-07,1.234790E+00,3.30178E+00
1.2480E-07,1.227008E+00,3.29934E+00
1.3440E-07,1.237071E+00,3.29537E+00
1.4400E-07,1.225543E+00,3.31414E+00
1.5360E-07,1.232219E+00,3.30422E+00
1.6320E-07,1.245868E+00,3.28713E+00
1.7280E-07,1.242000E+00,3.30270E+00
1.8240E-07,1.256702E+00,3.29293E+00
1.9200E-07,1.267902E+00,3.29201E+00
2.0160E-07,1.264362E+00,3.30758E+00
2.1120E-07,1.276050E+00,3.30178E+00
2.2080E-07,1.277675E+00,3.29125E+00
2.3040E-07,1.294780E+00,3.30834E+00
2.4000E-07,1.310100E+00,3.28881E+00
2.4960E-07,1.300525E+00,3.29537E+00
2.5920E-07,1.316493E+00,3.29201E+00
2.6880E-07,1.344882E+00,3.29125E+00
2.7840E-07,1.313113E+00,3.29537E+00
2.8800E-07,1.349887E+00,3.30758E+00
2.9760E-07,1.368259E+00,3.29369E+00
3.0720E-07,1.350131E+00,3.30178E+00
3.1680E-07,1.381091E+00,3.29537E+00
3.2640E-07,1.386707E+00,3.30346E+00
3.3600E-07,1.369891E+00,3.31246E+00
3.4560E-07,1.390536E+00,3.28957E+00
3.5520E-07,1.392451E+00,3.30758E+00
3.6480E-07,1.387202E+00,3.30514E+00
3.7440E-07,1.385692E+00,3.29201E+00
3.8400E-07,1.371188E+00,3.30758E+00
3.9360E-07,1.374454E+00,3.29613E+00
4.0320E-07,1.362437E+00,3.30514E+00
4.1280E-07,1.360194E+00,3.29369E+00
4.2240E-07,1.340648E+00,3.30025E+00
4.3200E-07,1.331683E+00,3.30346E+00
4.4160E-07,1.315883E+00,3.30834E+00
4.5120E-07,1.306064E+00,3.29781E+00
4.6080E-07,1.290836E+00,3.29293E+00
4.7040E-07,1.259555E+00,3.30514E+00
4.8000E-07,1.283336E+00,3.30178E+00
4.8960E-07,1.270099E+00,3.28881E+00
4.9920E-07,1.241023E+00,3.30025E+00
5.0880E-07,1.249774E+00,3.29049E+00
5.1840E-07,1.253932E+00,3.30422E+00
5.2800E-07,1.216701E+00,3.29369E+00
5.3760E-07,1.233157E+00,3.30590E+00
5.4720E-07,1.236987E+00,3.30422E+00
5.5680E-07,1.216174E+00,3.30270E+00
5.6640E-07,1.243137E+00,3.28637E+00
5.7600E-07,1.226726E+00,3.29446E+00
5.8560E-07,1.234134E+00,3.29690E+00
5.9520E-07,1.246684E+00,3.28805E+00
6.0480E-07,1.246638E+00,3.30178E+00
6.1440E-07,1.257716E+00,3.29781E+00
6.2400E-07,1.263621E+00,3.29446E+00
6.3360E-07,1.287570E+00,3.28805E+00
6.4320E-07,1.285129E+00,3.29446E+00
6.5280E-07,1.297229E+00,3.28637E+00
6.6240E-07,1.310588E+00,3.28713E+00
6.7200E-07,1.323581E+00,3.28957E+00
6.8160E-07,1.334293E+00,3.28149E+00
6.9120E-07,1.335597E+00,3.30178E+00
7.0080E-07,1.351848E+00,3.27981E+00
7.1040E-07,1.352946E+00,3.29781E+00
7.2000E-07,1.349887E+00,3.29446E+00
7.2960E-07,1.391597E+00,3.29201E+00
7.3920E-07,1.384105E+00,3.28637E+00
7.4880E-07,1.366672E+00,3.29690E+00
7.5840E-07,1.388461E+00,3.29690E+00
7.6800E-07,1.383899E+00,3.29125E+00
7.7760E-07,1.367526E+00,3.29125E+00
7.8720E-07,1.376979E+00,3.28881E+00
7.9680E-07,1.373103E+00,3.30025E+00
8.0640E-07,1.356410E+00,3.30422E+00
8.1600E-07,1.352458E+00,3.29201E+00
8.2560E-07,1.336894E+00,3.29537E+00
8.3520E-07,1.307086E+00,3.30834E+00
8.4480E-07,1.318362E+00,3.28561E+00
8.5440E-07,1.291728E+00,3.29201E+00
8.6400E-07,1.282077E+00,3.29858E+00
8.7360E-07,1.268634E+00,3.29201E+00
8.8320E-07,1.257152E+00,3.30025E+00
8.9280E-07,1.259021E+00,3.28637E+00
9.0240E-07,1.233569E+00,3.29201E+00
9.1200E-07,1.238254E+00,3.29369E+00
9.2160E-07,1.234622E+00,3.30422E+00
9.3120E-07,1.216907E+00,3.28561E+00
9.4080E-07,1.212878E+00,3.29613E+00
9.5040E-07,1.220821E+00,3.29369E+00
9.6000E-07,1.213443E+00,3.29537E+00
9.6960E-07,1.230022E+00,3.28393E+00
9.7920E-07,1.222736E+00,3.28149E+00
9.8880E-07,1.226604E+00,3.29293E+00
9.9840E-07,1.235278E+00,3.28713E+00
1.0080E-06,1.240367E+00,3.29537E+00
1.0176E-06,1.260814E+00,3.27340E+00
1.0272E-06,1.253726E+00,3.28393E+00
1.0368E-06,1.281139E+00,3.28561E+00
1.0464E-06,1.291934E+00,3.28561E+00
1.0560E-06,1.292621E+00,3.29537E+00
1.0656E-06,1.319019E+00,3.28713E+00
1.0752E-06,1.305904E+00,3.29049E+00
1.0848E-06,1.349887E+00,3.28957E+00
1.0944E-06,1.337550E+00,3.29858E+00
1.1040E-06,1.346187E+00,3.29049E+00
1.1136E-06,1.363208E+00,3.27904E+00
1.1232E-06,1.355182E+00,3.29293E+00
1.1328E-06,1.361339E+00,3.29537E+00
1.1424E-06,1.389438E+00,3.27096E+00
1.1520E-06,1.363048E+00,3.28637E+00
1.1616E-06,1.379581E+00,3.29537E+00
1.1712E-06,1.384181E+00,3.28957E+00
1.1808E-06,1.362437E+00,3.28469E+00
1.1904E-06,1.359912E+00,3.29781E+00
1.2000E-06,1.371684E+00,3.29537E+00
1.2096E-06,1.349605E+00,3.28637E+00
1.2192E-06,1.323703E+00,3.29293E+00
1.2288E-06,1.347202E+00,3.29690E+00
1.2384E-06,1.321300E+00,3.30178E+00
1.2480E-06,1.295924E+00,3.29781E+00
1.2576E-06,1.298206E+00,3.29201E+00
1.2672E-06,1.271976E+00,3.30514E+00
1.2768E-06,1.276294E+00,3.29613E+00
1.2864E-06,1.252422E+00,3.29934E+00
1.2960E-06,1.257030E+00,3.29690E+00
1.3056E-06,1.235034E+00,3.28561E+00
1.3152E-06,1.242610E+00,3.30346E+00
1.3248E-06,1.228030E+00,3.28561E+00
1.3344E-06,1.232707E+00,3.30178E+00
1.3440E-06,1.218944E+00,3.30514E+00
1.3536E-06,1.218333E+00,3.29369E+00
1.3632E-06,1.229777E+00,3.30025E+00
1.3728E-06,1.232341E+00,3.29293E+00
1.3824E-06,1.240977E+00,3.27096E+00
1.3920E-06,1.224765E+00,3.29858E+00
1.4016E-06,1.243671E+00,3.29125E+00
1.4112E-06,1.242122E+00,3.27584E+00
1.4208E-06,1.245578E+00,3.29537E+00
1.4304E-06,1.277026E+00,3.29446E+00
1.4400E-06,1.289447E+00,3.27737E+00
1.4496E-06,1.282199E+00,3.29781E+00
1.4592E-06,1.307529E+00,3.30025E+00
1.4688E-06,1.337634E+00,3.28713E+00
1.4784E-06,1.307697E+00,3.28957E+00
1.4880E-06,1.345248E+00,3.30422E+00
1.4976E-06,1.361621E+00,3.28469E+00
1.5072E-06,1.344066E+00,3.30102E+00
1.5168E-06,1.369235E+00,3.28393E+00
1.5264E-06,1.385165E+00,3.30422E+00
1.5360E-06,1.362880E+00,3.29125E+00
1.5456E-06,1.379176E+00,3.28149E+00
1.5552E-06,1.386584E+00,3.29446E+00
1.5648E-06,1.381534E+00,3.29934E+00
1.5744E-06,1.379504E+00,3.29369E+00
1.5840E-06,1.368014E+00,3.30514E+00
1.5936E-06,1.377910E+00,3.28393E+00
1.6032E-06,1.360400E+00,3.29613E+00
1.6128E-06,1.362926E+00,3.29781E+00
1.6224E-06,1.338077E+00,3.29613E+00
1.6320E-06,1.324474E+00,3.30102E+00
1.6416E-06,1.331927E+00,3.28469E+00
1.6512E-06,1.302280E+00,3.29049E+00
1.6608E-06,1.295802E+00,3.29934E+00
1.6704E-06,1.271854E+00,3.29049E+00
1.6800E-06,1.274783E+00,3.29690E+00
1.6896E-06,1.263499E+00,3.28469E+00
1.6992E-06,1.245784E+00,3.29293E+00
1.7088E-06,1.238696E+00,3.29049E+00
1.7184E-06,1.238620E+00,3.29613E+00
1.7280E-06,1.215602E+00,3.28805E+00
1.7376E-06,1.221225E+00,3.28149E+00
1.7472E-06,1.220409E+00,3.28713E+00
1.7568E-06,1.212146E+00,3.29201E+00
1.7664E-06,1.235439E+00,3.28316E+00
1.7760E-06,1.212512E+00,3.28957E+00
1.7856E-06,1.243793E+00,3.28393E+00
1.7952E-06,1.237559E+00,3.31170E+00
1.8048E-06,1.235645E+00,3.28881E+00
1.8144E-06,1.252345E+00,3.28316E+00
1.8240E-06,1.247333E+00,3.28805E+00
1.8336E-06,1.264072E+00,3.28881E+00
1.8432E-06,1.288509E+00,3.28316E+00
1.8528E-06,1.283054E+00,3.28881E+00
1.8624E-06,1.300281E+00,3.28713E+00
1.8720E-06,1.324962E+00,3.28637E+00
1.8816E-06,1.323375E+00,3.26684E+00
1.8912E-06,1.314861E+00,3.29690E+00
1.9008E-06,1.351886E+00,3.27904E+00
1.9104E-06,1.342761E+00,3.28805E+00
1.9200E-06,1.354251E+00,3.29201E+00
1.9296E-06,1.378154E+00,3.27492E+00
1.9392E-06,1.378276E+00,3.28713E+00
1.9488E-06,1.363620E+00,3.27340E+00
1.9584E-06,1.384555E+00,3.29446E+00
1.9680E-06,1.374286E+00,3.29125E+00
1.9776E-06,1.380519E+00,3.28393E+00
1.9872E-06,1.368831E+00,3.29781E+00
1.9968E-06,1.370906E+00,3.28561E+00
2.0064E-06,1.366916E+00,3.29858E+00
2.0160E-06,1.358363E+00,3.29690E+00
2.0256E-06,1.344150E+00,3.27981E+00
2.0352E-06,1.330424E+00,3.30270E+00
2.0448E-06,1.322398E+00,3.29125E+00
2.0544E-06,1.304759E+00,3.29934E+00
2.0640E-06,1.295596E+00,3.29293E+00
2.0736E-06,1.270671E+00,3.29369E+00
2.0832E-06,1.260081E+00,3.31567E+00
2.0928E-06,1.269572E+00,3.27828E+00
2.1024E-06,1.231609E+00,3.29537E+00
2.1120E-06,1.238902E+00,3.29537E+00
2.1216E-06,1.238742E+00,3.28881E+00
2.1312E-06,1.219104E+00,3.27737E+00
2.1408E-06,1.204486E+00,3.30346E+00
2.1504E-06,1.224887E+00,3.29125E+00
2.1600E-06,1.211894E+00,3.29293E+00
2.1696E-06,1.218494E+00,3.29537E+00
2.1792E-06,1.230510E+00,3.29537E+00
2.1888E-06,1.229816E+00,3.29201E+00
2.1984E-06,1.223468E+00,3.29369E+00
2.2080E-06,1.241428E+00,3.28225E+00
2.2176E-06,1.256541E+00,3.28957E+00
2.2272E-06,1.248515E+00,3.28805E+00
2.2368E-06,1.272304E+00,3.30346E+00
2.2464E-06,1.289363E+00,3.29369E+00
2.2560E-06,1.284434E+00,3.29781E+00
2.2656E-06,1.312625E+00,3.29613E+00
2.2752E-06,1.309322E+00,3.29858E+00
2.2848E-06,1.339748E+00,3.29613E+00
2.2944E-06,1.330379E+00,3.29613E+00
2.3040E-06,1.340808E+00,3.29613E+00
2.3136E-06,1.355716E+00,3.28469E+00
2.3232E-06,1.353717E+00,3.30025E+00
2.3328E-06,1.361499E+00,3.29613E+00
2.3424E-06,1.389232E+00,3.27737E+00
2.3520E-06,1.360767E+00,3.28957E+00
2.3616E-06,1.382922E+00,3.29613E+00
2.3712E-06,1.383495E+00,3.28469E+00
2.3808E-06,1.370380E+00,3.28149E+00
2.3904E-06,1.361255E+00,3.29690E+00
2.4000E-06,1.377177E+00,3.30514E+00
2.4096E-06,1.358325E+00,3.29781E+00
2.4192E-06,1.352458E+00,3.29125E+00
2.4288E-06,1.340236E+00,3.29781E+00
2.4384E-06,1.335719E+00,3.29125E+00
2.4480E-06,1.318042E+00,3.28561E+00
2.4576E-06,1.305171E+00,3.29125E+00
2.4672E-06,1.287288E+00,3.28469E+00
2.4768E-06,1.290912E+00,3.30590E+00
2.4864E-06,1.261424E+00,3.30178E+00
2.4960E-06,1.266025E+00,3.28957E+00
2.5056E-06,1.246074E+00,3.28713E+00
2.5152E-06,1.246638E+00,3.29613E+00
2.5248E-06,1.236171E+00,3.27737E+00
2.5344E-06,1.235034E+00,3.28637E+00
2.5440E-06,1.222690E+00,3.28713E+00
2.5536E-06,1.218738E+00,3.28713E+00
2.5632E-06,1.229900E+00,3.27248E+00
2.5728E-06,1.226680E+00,3.28637E+00
2.5824E-06,1.230716E+00,3.28393E+00
2.5920E-06,1.230388E+00,3.29613E+00
2.6016E-06,1.234378E+00,3.28637E+00
2.6112E-06,1.240405E+00,3.29537E+00
2.6208E-06,1.252261E+00,3.27340E+00
2.6304E-06,1.258739E+00,3.27981E+00
2.6400E-06,1.270427E+00,3.29201E+00
2.6496E-06,1.281345E+00,3.28637E+00
2.6592E-06,1.286517E+00,3.29049E+00
2.6688E-06,1.306636E+00,3.28225E+00
2.6784E-06,1.308101E+00,3.29049E+00
2.6880E-06,1.326671E+00,3.29369E+00
2.6976E-06,1.331439E+00,3.27737E+00
2.7072E-06,1.337138E+00,3.29293E+00
2.7168E-06,1.351970E+00,3.28225E+00
2.7264E-06,1.370906E+00,3.27981E+00
2.7360E-06,1.360439E+00,3.29537E+00
2.7456E-06,1.372981E+00,3.28469E+00
2.7552E-06,1.378238E+00,3.28561E+00
2.7648E-06,1.381290E+00,3.29537E+00
2.7744E-06,1.374164E+00,3.28805E+00
2.7840E-06,1.368953E+00,3.29125E+00
2.7936E-06,1.382396E+00,3.28561E+00
2.8032E-06,1.363292E+00,3.29690E+00
2.8128E-06,1.366634E+00,3.28637E+00
2.8224E-06,1.346629E+00,3.29125E+00
2.8320E-06,1.332294E+00,3.29293E+00
2.8416E-06,1.324268E+00,3.30102E+00
2.8512E-06,1.312991E+00,3.28561E+00
2.8608E-06,1.292377E+00,3.28149E+00
2.8704E-06,1.274577E+00,3.29049E+00
2.8800E-06,1.273479E+00,3.29293E+00
2.8896E-06,1.261790E+00,3.28713E+00
2.8992E-06,1.239635E+00,3.28637E+00
2.9088E-06,1.238414E+00,3.28713E+00
2.9184E-06,1.238414E+00,3.29049E+00
2.9280E-06,1.213771E+00,3.29537E+00
2.9376E-06,1.220653E+00,3.28225E+00
2.9472E-06,1.220332E+00,3.27737E+00
2.9568E-06,1.208759E+00,3.29369E+00
2.9664E-06,1.229739E+00,3.27828E+00
2.9760E-06,1.216052E+00,3.28637E+00
2.9856E-06,1.233363E+00,3.28316E+00
2.9952E-06,1.233119E+00,3.30025E+00
3.0048E-06,1.238902E+00,3.30422E+00
3.0144E-06,1.250430E+00,3.28393E+00
3.0240E-06,1.251895E+00,3.28637E+00
3.0336E-06,1.258250E+00,3.29781E+00
3.0432E-06,1.289409E+00,3.27660E+00
3.0528E-06,1.279834E+00,3.29201E+00
3.0624E-06,1.307246E+00,3.17147E+00
3.0720E-06,1.339748E+00,1.99929E+00
3.0816E-06,1.379131E+00,8.84941E-01
3.0912E-06,1.380847E+00,4.02763E-01
3.1008E-06,1.373676E+00,1.46110E-01
3.1104E-06,1.365451E+00,5.73041E-02
3.1200E-06,1.355350E+00,6.03455E-03
3.1296E-06,1.354289E+00,-2.66193E-02
3.1392E-06,1.351848E+00,-4.69135E-02
3.1488E-06,1.342189E+00,-4.12677E-02
3.1584E-06,1.353923E+00,-5.27118E-02
3.1680E-06,1.353397E+00,-4.29462E-02
3.1776E-06,1.367732E+00,-4.29462E-02
3.1872E-06,1.356815E+00,-3.63849E-02
3.1968E-06,1.365573E+00,-4.29462E-02
3.2064E-06,1.365489E+00,-4.29462E-02
3.2160E-06,1.363658E+00,-2.24994E-02
3.2256E-06,1.337016E+00,-4.05048E-02
3.2352E-06,1.353801E+00,-4.05048E-02
3.2448E-06,1.336162E+00,-2.49408E-02
3.2544E-06,1.315883E+00,-2.81451E-02
3.2640E-06,1.313884E+00,-4.12677E-02
3.2736E-06,1.284763E+00,-2.73822E-02
3.2832E-06,1.273479E+00,-1.83795E-02
3.2928E-06,1.290790E+00,-5.10333E-02
3.3024E-06,1.252422E+00,-2.98236E-02
3.3120E-06,1.262523E+00,-2.98236E-02
3.3216E-06,1.266887E+00,-3.95892E-02
3.3312E-06,1.253116E+00,-2.81451E-02
3.3408E-06,1.258693E+00,-3.54694E-02
3.3504E-06,1.274013E+00,-3.30280E-02
3.3600E-06,1.276332E+00,-2.98236E-02
3.3696E-06,1.299388E+00,-3.71478E-02
3.3792E-06,1.289119E+00,-3.30280E-02
3.3888E-06,1.297267E+00,-1.59381E-02
3.3984E-06,1.312503E+00,-3.63849E-02
3.4080E-06,1.309077E+00,-2.32623E-02
3.4176E-06,1.323215E+00,-4.44720E-02
3.4272E-06,1.322070E+00,-2.81451E-02
3.4368E-06,1.333720E+00,-1.76166E-02
3.4464E-06,1.339099E+00,-2.98236E-02
3.4560E-06,1.338733E+00,-3.39435E-02
3.4656E-06,1.350909E+00,-4.61505E-02
3.4752E-06,1.339259E+00,-2.17365E-02
3.4848E-06,1.369525E+00,-3.30280E-02
3.4944E-06,1.353069E+00,-2.17365E-02
3.5040E-06,1.350215E+00,-2.49408E-02
3.5136E-06,1.363048E+00,-3.15021E-02
3.5232E-06,1.350505E+00,-2.08209E-02
3.5328E-06,1.349200E+00,-2.24994E-02
3.5424E-06,1.371928E+00,-3.63849E-02
3.5520E-06,1.347484E+00,-2.24994E-02
3.5616E-06,1.358890E+00,-1.02924E-02
3.5712E-06,1.356486E+00,-2.73822E-02
3.5808E-06,1.351031E+00,-2.66193E-02
3.5904E-06,1.357753E+00,-2.73822E-02
3.6000E-06,1.352618E+00,-1.34967E-02
3.6096E-06,1.356410E+00,-2.57037E-02
3.6192E-06,1.345943E+00,-2.08209E-02
3.6288E-06,1.346553E+00,-2.66193E-02
3.6384E-06,1.340320E+00,-2.32623E-02
3.6480E-06,1.332256E+00,-1.44122E-02
3.6576E-06,1.327899E+00,-3.05865E-02
3.6672E-06,1.316531E+00,-1.02924E-02
3.6768E-06,1.325496E+00,-1.27338E-02
3.6864E-06,1.303950E+00,-1.92950E-02
3.6960E-06,1.308467E+00,-2.24994E-02
3.7056E-06,1.297595E+00,-2.73822E-02
3.7152E-06,1.301624E+00,-1.44122E-02
3.7248E-06,1.281383E+00,-2.98236E-02
3.7344E-06,1.302402E+00,-2.98236E-02
3.7440E-06,1.277721E+00,-2.49408E-02
3.7536E-06,1.269900E+00,-8.61389E-03
3.7632E-06,1.274829E+00,-3.30280E-02
3.7728E-06,1.248187E+00,-1.51752E-02
3.7824E-06,1.247615E+00,-1.51752E-02
3.7920E-06,1.264644E+00,-4.37091E-02
3.8016E-06,1.237437E+00,-2.66193E-02
3.8112E-06,1.241954E+00,-2.41779E-02
3.8208E-06,1.233401E+00,-3.54694E-02
3.8304E-06,1.231654E+00,-2.66193E-02
3.8400E-06,1.233890E+00,-3.39435E-02
3.8496E-06,1.229777E+00,-2.32623E-02
3.8592E-06,1.228152E+00,-3.47064E-02
3.8688E-06,1.213443E+00,-2.66193E-02
3.8784E-06,1.235805E+00,-2.57037E-02
3.8880E-06,1.222362E+00,-3.15021E-02
3.8976E-06,1.214954E+00,-3.05865E-02
3.9072E-06,1.222980E+00,-2.98236E-02
3.9168E-06,1.228923E+00,-2.24994E-02
3.9264E-06,1.218738E+00,-2.73822E-02
3.9360E-06,1.237559E+00,-1.92950E-02
3.9456E-06,1.233081E+00,-2.90607E-02
3.9552E-06,1.225505E+00,-1.83795E-02
3.9648E-06,1.244159E+00,-3.54694E-02
3.9744E-06,1.230632E+00,-1.92950E-02
3.9840E-06,1.241794E+00,-1.76166E-02
3.9936E-06,1.247455E+00,-2.32623E-02
4.0032E-06,1.247783E+00,-2.32623E-02
4.0128E-06,1.258044E+00,-2.57037E-02
4.0224E-06,1.260326E+00,-2.73822E-02
4.0320E-06,1.265536E+00,-2.57037E-02
4.0416E-06,1.266559E+00,-1.59381E-02
4.0512E-06,1.272052E+00,-2.24994E-02
4.0608E-06,1.272586E+00,-2.90607E-02
4.0704E-06,1.285785E+00,-3.05865E-02
4.0800E-06,1.284557E+00,-1.76166E-02
4.0896E-06,1.291324E+00,-1.92950E-02
4.0992E-06,1.289081E+00,-1.83795E-02
4.1088E-06,1.290424E+00,-2.32623E-02
4.1184E-06,1.311404E+00,-2.57037E-02
4.1280E-06,1.291972E+00,-2.81451E-02
4.1376E-06,1.305415E+00,-2.81451E-02
4.1472E-06,1.312541E+00,-3.95892E-02
4.1568E-06,1.309367E+00,-3.05865E-02
4.1664E-06,1.325130E+00,-3.54694E-02
4.1760E-06,1.329036E+00,-2.57037E-02
4.1856E-06,1.325862E+00,-2.17365E-02
4.1952E-06,1.337588E+00,-2.98236E-02
4.2048E-06,1.336574E+00,-2.57037E-02
4.2144E-06,1.343616E+00,-4.05048E-02
4.2240E-06,1.347896E+00,-3.05865E-02
4.2336E-06,1.349078E+00,-1.92950E-02
4.2432E-06,1.361011E+00,-2.32623E-02
4.2528E-06,1.356570E+00,-2.90607E-02
4.2624E-06,1.362758E+00,-2.32623E-02
4.2720E-06,1.368915E+00,-2.08209E-02
4.2816E-06,1.367610E+00,-3.15021E-02
4.2912E-06,1.350627E+00,-1.02924E-02
4.3008E-06,1.370822E+00,-1.44122E-02
4.3104E-06,1.362147E+00,-2.41779E-02
4.3200E-06,1.360767E+00,-1.51752E-02
4.3296E-06,1.380557E+00,-2.90607E-02
4.3392E-06,1.378764E+00,-2.17365E-02
4.3488E-06,1.357707E+00,-2.17365E-02
4.3584E-06,1.374126E+00,-2.49408E-02
4.3680E-06,1.365367E+00,-1.59381E-02
4.3776E-06,1.369929E+00,-2.41779E-02
4.3872E-06,1.363452E+00,-2.66193E-02
4.3968E-06,1.365573E+00,-1.92950E-02
4.4064E-06,1.364963E+00,-2.66193E-02
4.4160E-06,1.362720E+00,-2.32623E-02
4.4256E-06,1.363048E+00,-2.81451E-02
4.4352E-06,1.345699E+00,-1.44122E-02
4.4448E-06,1.356486E+00,-3.22650E-02
4.4544E-06,1.341052E+00,-2.00580E-02
4.4640E-06,1.340602E+00,-2.32623E-02
4.4736E-06,1.329364E+00,-2.17365E-02
4.4832E-06,1.325252E+00,-1.76166E-02
4.4928E-06,1.322436E+00,-2.17365E-02
4.5024E-06,1.307086E+00,-1.68536E-02
4.5120E-06,1.307040E+00,-2.73822E-02
4.5216E-06,1.295268E+00,-1.51752E-02
4.5312E-06,1.289569E+00,-1.83795E-02
4.5408E-06,1.284518E+00,-2.98236E-02
4.5504E-06,1.271770E+00,-2.00580E-02
4.5600E-06,1.272708E+00,-1.92950E-02
4.5696E-06,1.261180E+00,-2.00580E-02
4.5792E-06,1.265254E+00,-2.73822E-02
4.5888E-06,1.257030E+00,-3.80634E-02
4.5984E-06,1.247005E+00,-1.68536E-02
4.6080E-06,1.250262E+00,-3.05865E-02
4.6176E-06,1.251285E+00,-2.81451E-02
4.6272E-06,1.224567E+00,-2.32623E-02
4.6368E-06,1.238574E+00,-2.00580E-02
4.6464E-06,1.241832E+00,-2.66193E-02
4.6560E-06,1.225177E+00,-6.17249E-03
4.6656E-06,1.231044E+00,-3.71478E-02
4.6752E-06,1.232219E+00,-1.02924E-02
4.6848E-06,1.211978E+00,-1.19708E-02
4.6944E-06,1.229816E+00,-3.71478E-02
4.7040E-06,1.217357E+00,-2.81451E-02
4.7136E-06,1.225665E+00,-1.10553E-02
4.7232E-06,1.227908E+00,-2.32623E-02
4.7328E-06,1.227130E+00,-2.98236E-02
4.7424E-06,1.225581E+00,-3.15021E-02
4.7520E-06,1.228107E+00,-2.49408E-02
4.7616E-06,1.235355E+00,-2.90607E-02
4.7712E-06,1.237514E+00,-2.08209E-02
4.7808E-06,1.232707E+00,-1.59381E-02
4.7904E-06,1.237926E+00,-5.40955E-03
4.8000E-06,1.244846E+00,-2.49408E-02
4.8096E-06,1.245135E+00,-2.49408E-02
4.8192E-06,1.263461E+00,-1.59381E-02
4.8288E-06,1.242160E+00,-2.57037E-02
4.8384E-06,1.260936E+00,-2.41779E-02
4.8480E-06,1.264926E+00,-2.81451E-02
4.8576E-06,1.253848E+00,-1.68536E-02
4.8672E-06,1.272426E+00,-3.63849E-02
4.8768E-06,1.262851E+00,-2.32623E-02
4.8864E-06,1.280650E+00,-2.32623E-02
4.8960E-06,1.288104E+00,-2.81451E-02
4.9056E-06,1.296207E+00,-2.24994E-02
4.9152E-06,1.317310E+00,-1.59381E-02
4.9248E-06,1.323047E+00,-7.08801E-03
4.9344E-06,1.317836E+00,-2.32623E-02
4.9440E-06,1.331317E+00,-3.05865E-02
4.9536E-06,1.318484E+00,-3.15021E-02
4.9632E-06,1.329974E+00,-1.68536E-02
4.9728E-06,1.333682E+00,-2.81451E-02
4.9824E-06,1.341945E+00,-3.22650E-02
4.9920E-06,1.327487E+00,-1.76166E-02
5.0016E-06,1.340602E+00,-2.49408E-02
5.0112E-06,1.342029E+00,-3.22650E-02
5.0208E-06,1.336002E+00,-1.83795E-02
5.0304E-06,1.354938E+00,-7.08801E-03
5.0400E-06,1.367000E+00,-3.39435E-02
5.0496E-06,1.340892E+00,-2.24994E-02
5.0592E-06,1.356692E+00,-1.83795E-02
5.0688E-06,1.378726E+00,-2.90607E-02
5.0784E-06,1.336894E+00,-2.00580E-02
5.0880E-06,1.363002E+00,-2.32623E-02
5.0976E-06,1.385730E+00,-2.66193E-02
5.1072E-06,1.358073E+00,-1.10553E-02
5.1168E-06,1.380115E+00,-2.17365E-02
5.1264E-06,1.394771E+00,-1.59381E-02
5.1360E-06,1.365039E+00,-1.76166E-02
5.1456E-06,1.373065E+00,-3.30280E-02
5.1552E-06,1.381984E+00,-2.17365E-02
5.1648E-06,1.374248E+00,-9.52942E-03
5.1744E-06,1.369037E+00,-2.90607E-02
5.1840E-06,1.376567E+00,-2.41779E-02
5.1936E-06,1.367686E+00,-1.44122E-02
5.2032E-06,1.359988E+00,-1.83795E-02
5.2128E-06,1.369113E+00,-2.90607E-02
5.2224E-06,1.348468E+00,-7.85095E-03
5.2320E-06,1.346835E+00,-1.51752E-02
5.2416E-06,1.355800E+00,-2.41779E-02
5.2512E-06,1.337428E+00,-2.49408E-02
5.2608E-06,1.335025E+00,-2.41779E-02
5.2704E-06,1.322559E+00,-2.08209E-02
5.2800E-06,1.327655E+00,-2.20520E-03
5.2896E-06,1.326060E+00,-1.83795E-02
5.2992E-06,1.307002E+00,-2.00580E-02
5.3088E-06,1.305331E+00,-2.49408E-02
5.3184E-06,1.299464E+00,-5.40955E-03
5.3280E-06,1.293849E+00,-2.17365E-02
5.3376E-06,1.287082E+00,-2.66193E-02
5.3472E-06,1.285495E+00,-2.66193E-02
5.3568E-06,1.277553E+00,-2.32623E-02
5.3664E-06,1.281711E+00,-3.15021E-02
5.3760E-06,1.262729E+00,-2.57037E-02
5.3856E-06,1.261058E+00,-1.59381E-02
5.3952E-06,1.265048E+00,-1.19708E-02
5.4048E-06,1.255275E+00,-1.51752E-02
5.4144E-06,1.252223E+00,-1.83795E-02
5.4240E-06,1.241428E+00,-1.59381E-02
5.4336E-06,1.236781E+00,-1.59381E-02
5.4432E-06,1.245174E+00,-1.34967E-02
5.4528E-06,1.231082E+00,-2.00580E-02
5.4624E-06,1.235767E+00,-1.59381E-02
5.4720E-06,1.222613E+00,-1.59381E-02
5.4816E-06,1.229655E+00,-6.17249E-03
5.4912E-06,1.236537E+00,-4.20306E-02
5.5008E-06,1.218578E+00,-2.32623E-02
5.5104E-06,1.228595E+00,-2.00580E-02
5.5200E-06,1.238574E+00,-1.59381E-02
5.5296E-06,1.217883E+00,-2.17365E-02
5.5392E-06,1.226276E+00,-1.19708E-02
5.5488E-06,1.235683E+00,-1.51752E-02
5.5584E-06,1.224521E+00,-1.92950E-02
5.5680E-06,1.232097E+00,-2.32623E-02
5.5776E-06,1.242282E+00,-1.51752E-02
5.5872E-06,1.231776E+00,-1.68536E-02
5.5968E-06,1.233890E+00,-2.49408E-02
5.6064E-06,1.245135E+00,-2.41779E-02
5.6160E-06,1.250507E+00,-1.10553E-02
5.6256E-06,1.244357E+00,-2.08209E-02
5.6352E-06,1.262279E+00,-1.51752E-02
5.6448E-06,1.265659E+00,-1.83795E-02
5.6544E-06,1.256663E+00,-2.41779E-02
5.6640E-06,1.274951E+00,-2.17365E-02
5.6736E-06,1.272830E+00,-2.57037E-02
5.6832E-06,1.283992E+00,-1.83795E-02
5.6928E-06,1.281955E+00,-2.32623E-02
5.7024E-06,1.284602E+00,-2.24994E-02
5.7120E-06,1.288310E+00,-1.68536E-02
5.7216E-06,1.296207E+00,-1.92950E-02
5.7312E-06,1.298572E+00,-2.49408E-02
5.7408E-06,1.306758E+00,-2.49408E-02
5.7504E-06,1.302600E+00,-2.41779E-02
5.7600E-06,1.312946E+00,-1.92950E-02
5.7696E-06,1.322192E+00,-2.24994E-02
5.7792E-06,1.321582E+00,-2.32623E-02
5.7888E-06,1.325618E+00,-2.49408E-02
5.7984E-06,1.332294E+00,-2.08209E-02
5.8080E-06,1.336124E+00,-1.27338E-02
5.8176E-06,1.352412E+00,-2.90607E-02
5.8272E-06,1.334987E+00,-2.17365E-02
5.8368E-06,1.358241E+00,-2.73822E-02
5.8464E-06,1.363574E+00,-2.41779E-02
5.8560E-06,1.355388E+00,-2.17365E-02
5.8656E-06,1.368953E+00,-2.81451E-02
5.8752E-06,1.357547E+00,-1.76166E-02
5.8848E-06,1.377872E+00,-2.24994E-02
5.8944E-06,1.370212E+00,-1.34967E-02
5.9040E-06,1.368709E+00,-1.59381E-02
5.9136E-06,1.379008E+00,-1.10553E-02
5.9232E-06,1.373920E+00,-1.10553E-02
5.9328E-06,1.368465E+00,-7.08801E-03
5.9424E-06,1.388621E+00,-3.47064E-02
5.9520E-06,1.363330E+00,-2.00580E-02
5.9616E-06,1.377261E+00,-2.81451E-02
5.9712E-06,1.368343E+00,-1.76166E-02
5.9808E-06,1.366794E+00,-1.92950E-02
5.9904E-06,1.372371E+00,-2.17365E-02
6.0000E-06,1.361743E+00,-1.10553E-02
6.0096E-06,1.365733E+00,-3.05865E-02
6.0192E-06,1.360645E+00,-1.27338E-02
6.0288E-06,1.344798E+00,-2.66193E-02
6.0384E-06,1.352374E+00,-1.10553E-02
6.0480E-06,1.348956E+00,-1.83795E-02
6.0576E-06,1.334087E+00,-1.92950E-02
6.0672E-06,1.332950E+00,-1.92950E-02
6.0768E-06,1.334247E+00,-9.52942E-03
6.0864E-06,1.317065E+00,-1.27338E-02
6.0960E-06,1.318729E+00,-1.51752E-02
6.1056E-06,1.310504E+00,-2.08209E-02
6.1152E-06,1.310870E+00,-1.44122E-02
6.1248E-06,1.290301E+00,-2.17365E-02
6.1344E-06,1.295474E+00,1.00486E-01
6.1440E-06,1.262279E+00,1.27846E+00
6.1536E-06,1.219836E+00,2.36504E+00
6.1632E-06,1.224765E+00,2.83913E+00
6.1728E-06,1.240405E+00,3.12188E+00
6.1824E-06,1.245502E+00,3.20168E+00
6.1920E-06,1.279346E+00,3.25372E+00
6.2016E-06,1.272868E+00,3.30025E+00
6.2112E-06,1.279552E+00,3.30926E+00
6.2208E-06,1.275760E+00,3.30758E+00
6.2304E-06,1.263179E+00,3.30590E+00
6.2400E-06,1.260654E+00,3.31658E+00
6.2496E-06,1.259067E+00,3.30590E+00
6.2592E-06,1.245090E+00,3.30682E+00
6.2688E-06,1.246684E+00,3.30102E+00
6.2784E-06,1.248798E+00,3.30834E+00
6.2880E-06,1.248676E+00,3.30758E+00
6.2976E-06,1.245822E+00,3.30682E+00
6.3072E-06,1.252956E+00,3.30270E+00
6.3168E-06,1.252666E+00,3.30346E+00
6.3264E-06,1.260814E+00,3.30590E+00
6.3360E-06,1.254337E+00,3.29613E+00
6.3456E-06,1.255031E+00,3.29934E+00
6.3552E-06,1.251201E+00,3.29781E+00
6.3648E-06,1.256213E+00,3.30834E+00
6.3744E-06,1.241183E+00,3.29369E+00
6.3840E-06,1.241954E+00,3.30270E+00
6.3936E-06,1.241306E+00,3.30270E+00
6.4032E-06,1.238498E+00,3.31170E+00
6.4128E-06,1.249736E+00,3.30514E+00
6.4224E-06,1.253398E+00,3.29690E+00
6.4320E-06,1.260204E+00,3.28957E+00
6.4416E-06,1.257762E+00,3.30346E+00
6.4512E-06,1.270549E+00,3.28805E+00
6.4608E-06,1.277064E+00,3.29369E+00
6.4704E-06,1.292056E+00,3.29201E+00
6.4800E-06,1.311359E+00,3.30270E+00
6.4896E-06,1.321254E+00,3.28316E+00
6.4992E-06,1.319179E+00,3.28561E+00
6.5088E-06,1.330951E+00,3.28957E+00
6.5184E-06,1.346751E+00,3.29858E+00
6.5280E-06,1.348140E+00,3.29613E+00
6.5376E-06,1.358813E+00,3.28561E+00
6.5472E-06,1.365085E+00,3.29049E+00
6.5568E-06,1.368541E+00,3.30025E+00
6.5664E-06,1.386264E+00,3.29201E+00
6.5760E-06,1.374820E+00,3.29125E+00
6.5856E-06,1.378604E+00,3.28957E+00
6.5952E-06,1.385081E+00,3.29934E+00
6.6048E-06,1.378078E+00,3.29858E+00
6.6144E-06,1.376163E+00,3.27904E+00
6.6240E-06,1.364429E+00,3.29781E+00
6.6336E-06,1.347362E+00,3.30346E+00
6.6432E-06,1.361621E+00,3.28805E+00
6.6528E-06,1.335231E+00,3.30102E+00
6.6624E-06,1.330012E+00,3.29201E+00
6.6720E-06,1.315349E+00,3.29125E+00
6.6816E-06,1.304477E+00,3.31170E+00
6.6912E-06,1.298366E+00,3.28957E+00
6.7008E-06,1.284434E+00,3.30590E+00
6.7104E-06,1.271442E+00,3.29537E+00
6.7200E-06,1.245990E+00,3.30590E+00
6.7296E-06,1.255435E+00,3.30025E+00
6.7392E-06,1.243137E+00,3.29369E+00
6.7488E-06,1.217639E+00,3.31078E+00
6.7584E-06,1.229045E+00,3.29858E+00
6.7680E-06,1.225383E+00,3.29537E+00
6.7776E-06,1.203220E+00,3.28805E+00
6.7872E-06,1.219966E+00,3.29369E+00
6.7968E-06,1.225948E+00,3.29446E+00
6.8064E-06,1.223384E+00,3.30270E+00
6.8160E-06,1.255603E+00,3.29613E+00
6.8256E-06,1.234950E+00,3.29125E+00
6.8352E-06,1.264522E+00,3.29049E+00
6.8448E-06,1.266193E+00,3.29369E+00
6.8544E-06,1.265987E+00,3.29125E+00
6.8640E-06,1.290019E+00,3.28637E+00
6.8736E-06,1.294864E+00,3.29858E+00
6.8832E-06,1.318202E+00,3.30346E+00
6.8928E-06,1.326060E+00,3.30590E+00
6.9024E-06,1.324718E+00,3.29293E+00
6.9120E-06,1.336734E+00,3.29934E+00
6.9216E-06,1.344226E+00,3.29690E+00
6.9312E-06,1.351970E+00,3.29781E+00
6.9408E-06,1.366267E+00,3.29293E+00
6.9504E-06,1.360599E+00,3.29613E+00
6.9600E-06,1.371600E+00,3.30178E+00
6.9696E-06,1.384921E+00,3.29690E+00
6.9792E-06,1.362025E+00,3.28957E+00
6.9888E-06,1.366100E+00,3.30270E+00
6.9984E-06,1.382678E+00,3.29201E+00
7.0080E-06,1.366954E+00,3.29125E+00
7.0176E-06,1.363002E+00,3.29537E+00
7.0272E-06,1.376895E+00,3.30178E+00
7.0368E-06,1.350337E+00,3.30178E+00
7.0464E-06,1.343333E+00,3.28881E+00
7.0560E-06,1.340480E+00,3.29934E+00
7.0656E-06,1.318973E+00,3.29934E+00
7.0752E-06,1.308917E+00,3.29613E+00
7.0848E-06,1.294620E+00,3.30422E+00
7.0944E-06,1.288509E+00,3.29690E+00
7.1040E-06,1.266559E+00,3.30422E+00
7.1136E-06,1.267619E+00,3.29690E+00
7.1232E-06,1.253520E+00,3.29369E+00
7.1328E-06,1.246722E+00,3.30178E+00
7.1424E-06,1.248187E+00,3.29293E+00
7.1520E-06,1.232219E+00,3.29934E+00
7.1616E-06,1.237636E+00,3.29690E+00
7.1712E-06,1.232669E+00,3.30178E+00
7.1808E-06,1.222568E+00,3.29446E+00
7.1904E-06,1.229739E+00,3.29690E+00
7.2000E-06,1.230434E+00,3.29781E+00
7.2096E-06,1.231364E+00,3.29858E+00
7.2192E-06,1.245334E+00,3.28393E+00
7.2288E-06,1.227985E+00,3.29201E+00
7.2384E-06,1.244685E+00,3.29446E+00
7.2480E-06,1.252956E+00,3.28637E+00
7.2576E-06,1.249004E+00,3.28881E+00
7.2672E-06,1.271732E+00,3.29446E+00
7.2768E-06,1.279430E+00,3.28637E+00
7.2864E-06,1.293605E+00,3.28713E+00
7.2960E-06,1.303294E+00,3.27981E+00
7.3056E-06,1.310710E+00,3.29049E+00
7.3152E-06,1.331844E+00,3.28881E+00
7.3248E-06,1.337222E+00,3.28561E+00
7.3344E-06,1.346141E+00,3.28469E+00
7.3440E-06,1.360683E+00,3.28316E+00
7.3536E-06,1.363124E+00,3.30346E+00
7.3632E-06,1.376773E+00,3.28805E+00
7.3728E-06,1.376529E+00,3.29781E+00
7.3824E-06,1.381007E+00,3.28316E+00
7.3920E-06,1.375468E+00,3.29369E+00
7.4016E-06,1.377055E+00,3.29125E+00
7.4112E-06,1.371150E+00,3.29125E+00
7.4208E-06,1.355228E+00,3.29125E+00
7.4304E-06,1.359744E+00,3.29049E+00
7.4400E-06,1.361011E+00,3.28881E+00
7.4496E-06,1.338199E+00,3.29125E+00
7.4592E-06,1.336040E+00,3.29369E+00
7.4688E-06,1.321094E+00,3.29293E+00
7.4784E-06,1.301791E+00,3.28881E+00
7.4880E-06,1.293239E+00,3.29537E+00
7.4976E-06,1.282359E+00,3.29537E+00
7.5072E-06,1.263057E+00,3.29049E+00
7.5168E-06,1.255603E+00,3.29125E+00
7.5264E-06,1.254626E+00,3.29858E+00
7.5360E-06,1.233447E+00,3.29446E+00
7.5456E-06,1.232181E+00,3.29858E+00
7.5552E-06,1.224689E+00,3.28957E+00
7.5648E-06,1.225139E+00,3.29293E+00
7.5744E-06,1.219226E+00,3.28881E+00
7.5840E-06,1.216418E+00,3.28072E+00
7.5936E-06,1.224521E+00,3.29690E+00
7.6032E-06,1.220370E+00,3.29613E+00
7.6128E-06,1.235034E+00,3.28881E+00
7.6224E-06,1.237682E+00,3.28957E+00
7.6320E-06,1.245868E+00,3.28637E+00
7.6416E-06,1.249530E+00,3.29293E+00
7.6512E-06,1.253970E+00,3.29613E+00
7.6608E-06,1.261180E+00,3.28469E+00
7.6704E-06,1.286151E+00,3.29690E+00
7.6800E-06,1.278697E+00,3.28957E+00
7.6896E-06,1.295230E+00,3.30178E+00
7.6992E-06,1.311404E+00,3.28316E+00
7.7088E-06,1.309039E+00,3.29934E+00
7.7184E-06,1.338687E+00,3.27981E+00
7.7280E-06,1.342761E+00,3.29369E+00
7.7376E-06,1.347980E+00,3.29690E+00
7.7472E-06,1.359912E+00,3.29369E+00
7.7568E-06,1.369601E+00,3.30422E+00
7.7664E-06,1.385410E+00,3.29293E+00
7.7760E-06,1.379298E+00,3.30178E+00
7.7856E-06,1.387080E+00,3.29293E+00
7.7952E-06,1.392574E+00,3.29781E+00
7.8048E-06,1.386302E+00,3.30270E+00
7.8144E-06,1.385814E+00,3.28072E+00
7.8240E-06,1.370456E+00,3.29781E+00
7.8336E-06,1.361537E+00,3.30270E+00
7.8432E-06,1.365695E+00,3.28881E+00
7.8528E-06,1.346873E+00,3.29537E+00
7.8624E-06,1.335918E+00,3.28881E+00
7.8720E-06,1.308383E+00,3.30102E+00
7.8816E-06,1.309161E+00,3.31734E+00
7.8912E-06,1.310260E+00,3.28072E+00
7.9008E-06,1.273036E+00,3.30025E+00
7.9104E-06,1.277515E+00,3.28805E+00
7.9200E-06,1.251369E+00,3.30270E+00
7.9296E-06,1.250552E+00,3.29613E+00
7.9392E-06,1.241061E+00,3.28316E+00
7.9488E-06,1.224811E+00,3.29781E+00
7.9584E-06,1.224971E+00,3.29201E+00
7.9680E-06,1.237964E+00,3.29446E+00
7.9776E-06,1.196216E+00,3.27981E+00
7.9872E-06,1.224521E+00,3.29613E+00
7.9968E-06,1.231815E+00,3.29293E+00
8.0064E-06,1.215724E+00,3.30758E+00
8.0160E-06,1.244235E+00,3.27416E+00
8.0256E-06,1.230182E+00,3.29934E+00
8.0352E-06,1.239757E+00,3.29293E+00
8.0448E-06,1.256091E+00,3.28957E+00
8.0544E-06,1.255679E+00,3.29690E+00
8.0640E-06,1.272502E+00,3.28957E+00
8.0736E-06,1.281223E+00,3.29690E+00
8.0832E-06,1.299426E+00,3.29293E+00
8.0928E-06,1.307002E+00,3.29293E+00
8.1024E-06,1.311153E+00,3.28561E+00
8.1120E-06,1.324191E+00,3.28469E+00
8.1216E-06,1.334575E+00,3.29781E+00
8.1312E-06,1.343784E+00,3.28957E+00
8.1408E-06,1.354900E+00,3.28561E+00
8.1504E-06,1.357463E+00,3.29293E+00
8.1600E-06,1.368465E+00,3.28881E+00
8.1696E-06,1.369968E+00,3.29446E+00
8.1792E-06,1.380679E+00,3.29125E+00
8.1888E-06,1.378566E+00,3.27828E+00
8.1984E-06,1.371028E+00,3.29201E+00
8.2080E-06,1.373309E+00,3.28713E+00
8.2176E-06,1.359866E+00,3.30025E+00
8.2272E-06,1.362315E+00,3.29613E+00
8.2368E-06,1.354167E+00,3.29690E+00
8.2464E-06,1.346797E+00,3.30025E+00
8.2560E-06,1.336574E+00,3.28393E+00
8.2656E-06,1.326595E+00,3.28957E+00
8.2752E-06,1.304515E+00,3.29858E+00
8.2848E-06,1.298816E+00,3.29537E+00
8.2944E-06,1.290790E+00,3.28713E+00
8.3040E-06,1.269405E+00,3.29369E+00
8.3136E-06,1.268062E+00,3.28561E+00
8.3232E-06,1.251811E+00,3.29293E+00
8.3328E-06,1.236415E+00,3.29934E+00
8.3424E-06,1.242488E+00,3.27492E+00
8.3520E-06,1.218127E+00,3.28713E+00
8.3616E-06,1.222896E+00,3.29690E+00
8.3712E-06,1.224727E+00,3.27828E+00
8.3808E-06,1.211368E+00,3.28072E+00
8.3904E-06,1.206073E+00,3.30346E+00
8.4000E-06,1.228107E+00,3.28957E+00
8.4096E-06,1.224399E+00,3.28881E+00
8.4192E-06,1.232959E+00,3.28637E+00
8.4288E-06,1.246234E+00,3.28805E+00
8.4384E-06,1.254665E+00,3.28881E+00
8.4480E-06,1.252345E+00,3.29293E+00
8.4576E-06,1.267329E+00,3.29446E+00
8.4672E-06,1.284396E+00,3.28149E+00
8.4768E-06,1.282809E+00,3.29201E+00
8.4864E-06,1.307162E+00,3.29613E+00
8.4960E-06,1.308429E+00,3.28881E+00
8.5056E-06,1.303989E+00,3.28881E+00
8.5152E-06,1.327853E+00,3.28072E+00
8.5248E-06,1.319179E+00,3.28713E+00
8.5344E-06,1.339343E+00,3.28393E+00
8.5440E-06,1.340846E+00,3.29781E+00
8.5536E-06,1.342517E+00,3.29690E+00
8.5632E-06,1.360477E+00,3.28637E+00
8.5728E-06,1.356120E+00,3.28561E+00
8.5824E-06,1.363246E+00,3.29049E+00
8.5920E-06,1.384998E+00,3.28957E+00
8.6016E-06,1.373798E+00,3.30346E+00
8.6112E-06,1.380237E+00,3.29201E+00
8.6208E-06,1.377467E+00,3.28637E+00
8.6304E-06,1.367366E+00,3.29537E+00
8.6400E-06,1.370990E+00,3.29125E+00
8.6496E-06,1.363368E+00,3.31414E+00
8.6592E-06,1.350299E+00,3.30025E+00
8.6688E-06,1.326511E+00,3.29934E+00
8.6784E-06,1.337062E+00,3.30590E+00
8.6880E-06,1.308795E+00,3.29613E+00
8.6976E-06,1.290546E+00,3.29125E+00
8.7072E-06,1.288020E+00,3.28881E+00
8.7168E-06,1.272624E+00,3.31322E+00
8.7264E-06,1.268146E+00,3.29369E+00
8.7360E-06,1.251811E+00,3.29537E+00
8.7456E-06,1.245334E+00,3.30025E+00
8.7552E-06,1.232631E+00,3.29537E+00
8.7648E-06,1.239963E+00,3.29446E+00
8.7744E-06,1.221103E+00,3.29201E+00
8.7840E-06,1.239268E+00,3.28072E+00
8.7936E-06,1.225505E+00,3.29613E+00
8.8032E-06,1.227252E+00,3.30025E+00
8.8128E-06,1.237353E+00,3.29049E+00
8.8224E-06,1.226680E+00,3.28637E+00
8.8320E-06,1.237559E+00,3.29201E+00
8.8416E-06,1.256663E+00,3.28957E+00
8.8512E-06,1.241145E+00,3.29690E+00
8.8608E-06,1.258617E+00,3.29201E+00
8.8704E-06,1.274013E+00,3.29125E+00
8.8800E-06,1.280978E+00,3.28957E+00
8.8896E-06,1.300937E+00,3.28225E+00
8.8992E-06,1.300769E+00,3.30270E+00
8.9088E-06,1.309405E+00,3.29125E+00
8.9184E-06,1.336208E+00,3.28225E+00
8.9280E-06,1.322726E+00,3.28393E+00
8.9376E-06,1.344554E+00,3.30178E+00
8.9472E-06,1.357585E+00,3.28805E+00
8.9568E-06,1.356815E+00,3.29858E+00
8.9664E-06,1.376933E+00,3.29049E+00
8.9760E-06,1.379260E+00,3.30270E+00
8.9856E-06,1.370456E+00,3.29690E+00
8.9952E-06,1.384059E+00,3.29446E+00
9.0048E-06,1.381618E+00,3.29293E+00
9.0144E-06,1.376895E+00,3.29293E+00
9.0240E-06,1.370906E+00,3.28469E+00
9.0336E-06,1.370296E+00,3.29690E+00
9.0432E-06,1.362804E+00,3.29125E+00
9.0528E-06,1.355876E+00,3.30270E+00
9.0624E-06,1.346187E+00,3.30270E+00
9.0720E-06,1.316409E+00,3.29613E+00
9.0816E-06,1.318164E+00,3.30422E+00
9.0912E-06,1.313724E+00,3.27904E+00
9.1008E-06,1.277965E+00,3.29446E+00
9.1104E-06,1.281665E+00,3.29690E+00
9.1200E-06,1.262157E+00,3.30834E+00
9.1296E-06,1.253238E+00,3.29049E+00
9.1392E-06,1.246638E+00,3.29858E+00
9.1488E-06,1.231731E+00,3.28957E+00
9.1584E-06,1.224116E+00,3.28469E+00
9.1680E-06,1.237270E+00,3.27981E+00
9.1776E-06,1.201511E+00,3.29446E+00
9.1872E-06,1.219188E+00,3.29537E+00
9.1968E-06,1.225009E+00,3.28881E+00
9.2064E-06,1.215236E+00,3.20168E+00
9.2160E-06,1.246967E+00,2.05636E+00
9.2256E-06,1.288348E+00,9.42772E-01
9.2352E-06,1.282520E+00,4.32060E-01
9.2448E-06,1.275150E+00,1.41990E-01
9.2544E-06,1.263301E+00,6.63068E-02
9.2640E-06,1.257434E+00,1.09174E-02
9.2736E-06,1.257960E+00,-3.05865E-02
9.2832E-06,1.264156E+00,-3.63849E-02
9.2928E-06,1.266803E+00,-3.71478E-02
9.3024E-06,1.277270E+00,-3.54694E-02
9.3120E-06,1.299144E+00,-5.42377E-02
9.3216E-06,1.324023E+00,-3.39435E-02
9.3312E-06,1.335719E+00,-6.00360E-02
9.3408E-06,1.328586E+00,-3.47064E-02
9.3504E-06,1.361011E+00,-4.44720E-02
9.3600E-06,1.356898E+00,-4.37091E-02
9.3696E-06,1.372417E+00,-2.98236E-02
9.3792E-06,1.372821E+00,-3.80634E-02
9.3888E-06,1.378726E+00,-3.15021E-02
9.3984E-06,1.372821E+00,-2.32623E-02
9.4080E-06,1.374858E+00,-3.63849E-02
9.4176E-06,1.371234E+00,-3.05865E-02
9.4272E-06,1.380763E+00,-2.41779E-02
9.4368E-06,1.375018E+00,-3.47064E-02
9.4464E-06,1.376529E+00,-3.05865E-02
9.4560E-06,1.379382E+00,-1.92950E-02
9.4656E-06,1.374858E+00,-2.98236E-02
9.4752E-06,1.372859E+00,-3.05865E-02
9.4848E-06,1.370212E+00,-2.08209E-02
9.4944E-06,1.369891E+00,-3.30280E-02
9.5040E-06,1.358195E+00,-2.57037E-02
9.5136E-06,1.363864E+00,-1.92950E-02
9.5232E-06,1.357181E+00,-2.32623E-02
9.5328E-06,1.341624E+00,-1.44122E-02
9.5424E-06,1.355350E+00,-4.44720E-02
9.5520E-06,1.327609E+00,-2.81451E-02
9.5616E-06,1.334781E+00,-2.32623E-02
9.5712E-06,1.331279E+00,-3.15021E-02
9.5808E-06,1.307613E+00,-3.47064E-02
9.5904E-06,1.298083E+00,-1.68536E-02
9.6000E-06,1.315517E+00,-2.73822E-02
9.6096E-06,1.293605E+00,-2.08209E-02
9.6192E-06,1.271648E+00,-2.41779E-02
9.6288E-06,1.301013E+00,-2.17365E-02
9.6384E-06,1.279872E+00,-3.30280E-02
9.6480E-06,1.260043E+00,-2.90607E-02
9.6576E-06,1.269656E+00,-3.71478E-02
9.6672E-06,1.270511E+00,-2.17365E-02
9.6768E-06,1.239963E+00,-2.17365E-02
9.6864E-06,1.262035E+00,-1.44122E-02
9.6960E-06,1.260974E+00,-1.92950E-02
9.7056E-06,1.233974E+00,-1.92950E-02
9.7152E-06,1.250468E+00,-2.32623E-02
9.7248E-06,1.245052E+00,-2.17365E-02
9.7344E-06,1.224277E+00,-1.27338E-02
9.7440E-06,1.243953E+00,-3.05865E-02
9.7536E-06,1.235316E+00,-2.57037E-02
9.7632E-06,1.239352E+00,-1.83795E-02
9.7728E-06,1.237353E+00,-2.00580E-02
9.7824E-06,1.231204E+00,-1.76166E-02
9.7920E-06,1.240855E+00,-2.66193E-02
9.8016E-06,1.232913E+00,-2.00580E-02
9.8112E-06,1.238536E+00,-3.05865E-02
9.8208E-06,1.233936E+00,-2.66193E-02
9.8304E-06,1.231532E+00,-1.83795E-02
9.8400E-06,1.236217E+00,-1.27338E-02
9.8496E-06,1.239597E+00,-2.49408E-02
9.8592E-06,1.236987E+00,-2.41779E-02
9.8688E-06,1.245624E+00,-3.15021E-02
9.8784E-06,1.239391E+00,-2.24994E-02
9.8880E-06,1.253604E+00,-2.90607E-02
9.8976E-06,1.250102E+00,-3.54694E-02
9.9072E-06,1.252017E+00,-2.32623E-02
9.9168E-06,1.274501E+00,-2.24994E-02
9.9264E-06,1.249942E+00,-2.49408E-02
9.9360E-06,1.280162E+00,-2.73822E-02
9.9456E-06,1.278407E+00,-2.81451E-02
9.9552E-06,1.272830E+00,-2.32623E-02
9.9648E-06,1.296573E+00,-2.66193E-02
9.9744E-06,1.279102E+00,-1.83795E-02
9.9840E-06,1.291522E+00,-2.81451E-02
9.9936E-06,1.300197E+00,-3.30280E-02
1.0003E-05,1.300037E+00,-2.66193E-02
1.0013E-05,1.309772E+00,-2.90607E-02
1.0022E-05,1.312381E+00,-2.49408E-02
1.0032E-05,1.313968E+00,-2.90607E-02
1.0042E-05,1.321994E+00,-2.66193E-02
1.0051E-05,1.322520E+00,-2.73822E-02
1.0061E-05,1.326266E+00,-1.92950E-02
1.0070E-05,1.325534E+00,-2.08209E-02
1.0080E-05,1.339175E+00,-2.41779E-02
1.0090E-05,1.349811E+00,-2.66193E-02
1.0099E-05,1.332088E+00,-2.41779E-02
1.0109E-05,1.343173E+00,-2.41779E-02
1.0118E-05,1.357181E+00,-1.44122E-02
1.0128E-05,1.340038E+00,-2.57037E-02
1.0138E-05,1.356937E+00,-2.41779E-02
1.0147E-05,1.365161E+00,-1.76166E-02
1.0157E-05,1.356937E+00,-1.59381E-02
1.0166E-05,1.375346E+00,-3.54694E-02
1.0176E-05,1.360721E+00,-1.44122E-02
1.0186E-05,1.370174E+00,-2.90607E-02
1.0195E-05,1.371516E+00,-3.22650E-02
1.0205E-05,1.368419E+00,-8.61389E-03
1.0214E-05,1.370822E+00,-2.17365E-02
1.0224E-05,1.367000E+00,-2.73822E-02
1.0234E-05,1.356410E+00,-5.40955E-03
1.0243E-05,1.387118E+00,-2.73822E-02
1.0253E-05,1.364062E+00,-1.68536E-02
1.0262E-05,1.372295E+00,-2.57037E-02
1.0272E-05,1.372577E+00,-1.83795E-02
1.0282E-05,1.370013E+00,-3.05865E-02
1.0291E-05,1.343005E+00,-6.17249E-03
1.0301E-05,1.362804E+00,-2.00580E-02
1.0310E-05,1.347240E+00,-1.59381E-02
1.0320E-05,1.335841E+00,-1.51752E-02
1.0330E-05,1.351398E+00,-1.10553E-02
1.0339E-05,1.343784E+00,-3.05865E-02
1.0349E-05,1.314494E+00,-3.15021E-02
1.0358E-05,1.326389E+00,-2.73822E-02
1.0368E-05,1.309734E+00,-1.02924E-02
1.0378E-05,1.314052E+00,-2.08209E-02
1.0387E-05,1.301257E+00,-3.22650E-02
1.0397E-05,1.301624E+00,-2.00580E-02
1.0406E-05,1.299266E+00,-2.98236E-02
1.0416E-05,1.297229E+00,-1.51752E-02
1.0426E-05,1.286960E+00,-3.22650E-02
1.0435E-05,1.280811E+00,-2.00580E-02
1.0445E-05,1.284679E+00,-1.68536E-02
1.0454E-05,1.269328E+00,-2.98236E-02
1.0464E-05,1.270671E+00,-8.61389E-03
1.0474E-05,1.259509E+00,-1.19708E-02
1.0483E-05,1.260730E+00,-1.59381E-02
1.0493E-05,1.256251E+00,-1.92950E-02
1.0502E-05,1.244479E+00,-2.41779E-02
1.0512E-05,1.245746E+00,-2.08209E-02
1.0522E-05,1.236171E+00,-1.59381E-02
1.0531E-05,1.234790E+00,-2.00580E-02
1.0541E-05,1.238902E+00,-3.30280E-02
1.0550E-05,1.227496E+00,-2.98236E-02
1.0560E-05,1.234912E+00,-1.92950E-02
1.0570E-05,1.231044E+00,-2.81451E-02
1.0579E-05,1.231609E+00,-2.32623E-02
1.0589E-05,1.229938E+00,-3.22650E-02
1.0598E-05,1.228763E+00,-1.59381E-02
1.0608E-05,1.229900E+00,-1.44122E-02
1.0618E-05,1.241428E+00,-2.90607E-02
1.0627E-05,1.215114E+00,-1.92950E-02
1.0637E-05,1.240901E+00,-1.27338E-02
1.0646E-05,1.246516E+00,-2.24994E-02
1.0656E-05,1.236499E+00,-8.61389E-03
1.0666E-05,1.252177E+00,-3.15021E-02
1.0675E-05,1.247249E+00,-1.76166E-02
1.0685E-05,1.252177E+00,-2.00580E-02
1.0694E-05,1.256541E+00,-1.68536E-02
1.0704E-05,1.259189E+00,-2.81451E-02
1.0714E-05,1.266635E+00,-2.00580E-02
1.0723E-05,1.267329E+00,-2.17365E-02
1.0733E-05,1.280162E+00,-1.44122E-02
1.0742E-05,1.276126E+00,-1.59381E-02
1.0752E-05,1.273723E+00,-1.92950E-02
1.0762E-05,1.288753E+00,-2.49408E-02
1.0771E-05,1.281543E+00,-1.83795E-02
1.0781E-05,1.291728E+00,-2.66193E-02
1.0790E-05,1.306270E+00,-3.88263E-02
1.0800E-05,1.292461E+00,-1.34967E-02
1.0810E-05,1.305576E+00,-2.08209E-02
1.0819E-05,1.311153E+00,-2.24994E-02
1.0829E-05,1.302158E+00,-2.73822E-02
1.0838E-05,1.321010E+00,-2.90607E-02
1.0848E-05,1.321216E+00,-1.59381E-02
1.0858E-05,1.316249E+00,-2.57037E-02
1.0867E-05,1.332828E+00,-2.24994E-02
1.0877E-05,1.331279E+00,-1.92950E-02
1.0886E-05,1.339465E+00,-2.08209E-02
1.0896E-05,1.343417E+00,-2.41779E-02
1.0906E-05,1.341418E+00,-2.17365E-02
1.0915E-05,1.356486E+00,-2.73822E-02
1.0925E-05,1.348102E+00,-1.44122E-02
1.0934E-05,1.362392E+00,-2.08209E-02
1.0944E-05,1.360400E+00,-2.17365E-02
1.0954E-05,1.365733E+00,-1.19708E-02
1.0963E-05,1.387202E+00,-2.41779E-02
1.0973E-05,1.383289E+00,-2.17365E-02
1.0982E-05,1.380847E+00,-4.93549E-02
1.0992E-05,1.359340E+00,-2.41779E-02
1.1002E-05,1.365649E+00,-7.85095E-03
1.1011E-05,1.372821E+00,-2.73822E-02
1.1021E-05,1.370380E+00,-1.51752E-02
1.1030E-05,1.383655E+00,-1.19708E-02
1.1040E-05,1.383739E+00,-3.54694E-02
1.1050E-05,1.350177E+00,-1.59381E-02
1.1059E-05,1.362804E+00,-2.08209E-02
1.1069E-05,1.351848E+00,-2.32623E-02
1.1078E-05,1.364513E+00,-1.68536E-02
1.1088E-05,1.355022E+00,-2.24994E-02
1.1098E-05,1.345370E+00,-2.81451E-02
1.1107E-05,1.344676E+00,-2.90607E-02
1.1117E-05,1.351314E+00,-7.85095E-03
1.1126E-05,1.335231E+00,-1.92950E-02
1.1136E-05,1.336208E+00,-3.22650E-02
1.1146E-05,1.326106E+00,-2.49408E-02
1.1155E-05,1.318813E+00,-1.27338E-02
1.1165E-05,1.331599E+00,-2.32623E-02
1.1174E-05,1.322765E+00,-2.08209E-02
1.1184E-05,1.315349E+00,-2.49408E-02
1.1194E-05,1.313312E+00,-2.57037E-02
1.1203E-05,1.298534E+00,-1.92950E-02
1.1213E-05,1.298854E+00,-1.27338E-02
1.1222E-05,1.286349E+00,-2.17365E-02
1.1232E-05,1.285419E+00,-2.49408E-02
1.1242E-05,1.285495E+00,-2.24994E-02
1.1251E-05,1.265216E+00,-2.17365E-02
1.1261E-05,1.260486E+00,-2.17365E-02
1.1270E-05,1.255725E+00,-1.76166E-02
1.1280E-05,1.250957E+00,-2.17365E-02
1.1290E-05,1.249820E+00,-1.34967E-02
1.1299E-05,1.246394E+00,-2.17365E-02
1.1309E-05,1.233646E+00,-2.57037E-02
1.1318E-05,1.227458E+00,-1.34967E-02
1.1328E-05,1.243426E+00,-1.68536E-02
1.1338E-05,1.227168E+00,-3.47064E-02
1.1347E-05,1.217929E+00,-1.92950E-02
1.1357E-05,1.225703E+00,-2.08209E-02
1.1366E-05,1.222812E+00,-1.59381E-02
1.1376E-05,1.227618E+00,-3.22650E-02
1.1386E-05,1.224445E+00,-2.00580E-02
1.1395E-05,1.235316E+00,-2.32623E-02
1.1405E-05,1.227008E+00,-2.17365E-02
1.1414E-05,1.236377E+00,-2.90607E-02
1.1424E-05,1.229617E+00,-2.00580E-02
1.1434E-05,1.242732E+00,-3.15021E-02
1.1443E-05,1.239841E+00,-1.19708E-02
1.1453E-05,1.239108E+00,-1.59381E-02
1.1462E-05,1.242320E+00,-2.49408E-02
1.1472E-05,1.245135E+00,-2.08209E-02
1.1482E-05,1.251811E+00,-3.05865E-02
1.1491E-05,1.250262E+00,-1.92950E-02
1.1501E-05,1.253078E+00,-3.05865E-02
1.1510E-05,1.256580E+00,-2.49408E-02
1.1520E-05,1.260364E+00,-1.92950E-02
1.1530E-05,1.272098E+00,-1.51752E-02
1.1539E-05,1.274989E+00,-2.66193E-02
1.1549E-05,1.267451E+00,-3.30280E-02
1.1558E-05,1.278819E+00,-1.51752E-02
1.1568E-05,1.287372E+00,-2.00580E-02
1.1578E-05,1.280612E+00,-1.92950E-02
1.1587E-05,1.292949E+00,-3.22650E-02
1.1597E-05,1.298694E+00,-2.81451E-02
1.1606E-05,1.300365E+00,-1.76166E-02
1.1616E-05,1.319019E+00,-2.57037E-02
1.1626E-05,1.305782E+00,-2.24994E-02
1.1635E-05,1.326633E+00,-1.76166E-02
1.1645E-05,1.325328E+00,-1.27338E-02
1.1654E-05,1.321178E+00,-1.92950E-02
1.1664E-05,1.334048E+00,-2.41779E-02
1.1674E-05,1.331523E+00,-1.51752E-02
1.1683E-05,1.338565E+00,-2.73822E-02
1.1693E-05,1.355106E+00,-3.15021E-02
1.1702E-05,1.344066E+00,-2.08209E-02
1.1712E-05,1.352496E+00,-2.24994E-02
1.1722E-05,1.363048E+00,-2.73822E-02
1.1731E-05,1.355106E+00,-3.15021E-02
1.1741E-05,1.352901E+00,-2.32623E-02
1.1750E-05,1.362476E+00,-2.41779E-02
1.1760E-05,1.361133E+00,-1.83795E-02
1.1770E-05,1.376201E+00,-2.24994E-02
1.1779E-05,1.359302E+00,-3.47064E-02
1.1789E-05,1.365527E+00,-2.49408E-02
1.1798E-05,1.375751E+00,-3.30280E-02
1.1808E-05,1.366756E+00,-1.10553E-02
1.1818E-05,1.366428E+00,-2.90607E-02
1.1827E-05,1.384265E+00,-2.49408E-02
1.1837E-05,1.367564E+00,-2.41779E-02
1.1846E-05,1.366878E+00,-2.57037E-02
1.1856E-05,1.372943E+00,-1.68536E-02
1.1866E-05,1.363490E+00,-1.10553E-02
1.1875E-05,1.371928E+00,-2.08209E-02
1.1885E-05,1.360599E+00,-1.59381E-02
1.1894E-05,1.365085E+00,-2.17365E-02
1.1904E-05,1.350749E+00,-1.10553E-02
1.1914E-05,1.359096E+00,-1.68536E-02
1.1923E-05,1.352740E+00,-2.32623E-02
1.1933E-05,1.344104E+00,-1.92950E-02
1.1942E-05,1.341907E+00,-2.66193E-02
1.1952E-05,1.330791E+00,-1.68536E-02
1.1962E-05,1.330547E+00,-2.66193E-02
1.1971E-05,1.332538E+00,-2.49408E-02
1.1981E-05,1.318362E+00,-3.22650E-02
1.1990E-05,1.301547E+00,3.59314E-03
1.2000E-05,1.315028E+00,-1.76166E-02
1.2010E-05,1.295840E+00,-1.83795E-02
1.2019E-05,1.295840E+00,-1.83795E-02
1.2029E-05,1.280124E+00,-1.34967E-02
